insert into "Ubicaciones" (id_ubicacion, nombre_ubicacion) values (1, 'La Vega');
insert into "Ubicaciones" (id_ubicacion, nombre_ubicacion) values (2, 'Zhouji');
insert into "Ubicaciones" (id_ubicacion, nombre_ubicacion) values (3, 'Nybro');
insert into "Ubicaciones" (id_ubicacion, nombre_ubicacion) values (4, 'Huangjiazhai');
insert into "Ubicaciones" (id_ubicacion, nombre_ubicacion) values (5, 'Nālchiti');
insert into "Ubicaciones" (id_ubicacion, nombre_ubicacion) values (6, 'Beixinjie');
insert into "Ubicaciones" (id_ubicacion, nombre_ubicacion) values (7, 'Kolbudy');
insert into "Ubicaciones" (id_ubicacion, nombre_ubicacion) values (8, 'Foumbot');
insert into "Ubicaciones" (id_ubicacion, nombre_ubicacion) values (9, 'Waterloo');
insert into "Ubicaciones" (id_ubicacion, nombre_ubicacion) values (10, 'Takehara');
insert into "Ubicaciones" (id_ubicacion, nombre_ubicacion) values (11, 'Jukui');
insert into "Ubicaciones" (id_ubicacion, nombre_ubicacion) values (12, 'Krajan Kedungsalam');
insert into "Ubicaciones" (id_ubicacion, nombre_ubicacion) values (13, 'Cajazeiras');
insert into "Ubicaciones" (id_ubicacion, nombre_ubicacion) values (14, 'Del Campillo');
insert into "Ubicaciones" (id_ubicacion, nombre_ubicacion) values (15, 'Krajan Dukuhseti');
insert into "Ubicaciones" (id_ubicacion, nombre_ubicacion) values (16, 'San Pedro');
insert into "Ubicaciones" (id_ubicacion, nombre_ubicacion) values (17, 'Mache');
insert into "Ubicaciones" (id_ubicacion, nombre_ubicacion) values (18, 'Hājīganj');
insert into "Ubicaciones" (id_ubicacion, nombre_ubicacion) values (19, 'Kawalimukti');
insert into "Ubicaciones" (id_ubicacion, nombre_ubicacion) values (20, 'Motong');
insert into "Ubicaciones" (id_ubicacion, nombre_ubicacion) values (21, 'Jiaobei');
insert into "Ubicaciones" (id_ubicacion, nombre_ubicacion) values (22, 'Youwarou');
insert into "Ubicaciones" (id_ubicacion, nombre_ubicacion) values (23, 'Dean');
insert into "Ubicaciones" (id_ubicacion, nombre_ubicacion) values (24, 'Kulotino');
insert into "Ubicaciones" (id_ubicacion, nombre_ubicacion) values (25, 'Kilifi');
insert into "Ubicaciones" (id_ubicacion, nombre_ubicacion) values (26, 'Serra');
insert into "Ubicaciones" (id_ubicacion, nombre_ubicacion) values (27, 'Peterhof');
insert into "Ubicaciones" (id_ubicacion, nombre_ubicacion) values (28, 'Níkaia');
insert into "Ubicaciones" (id_ubicacion, nombre_ubicacion) values (29, 'Thị Trấn Hùng Quốc');
insert into "Ubicaciones" (id_ubicacion, nombre_ubicacion) values (30, 'Maunatlala');
insert into "Ubicaciones" (id_ubicacion, nombre_ubicacion) values (31, 'Eindhoven');
insert into "Ubicaciones" (id_ubicacion, nombre_ubicacion) values (32, 'Sinchao');
insert into "Ubicaciones" (id_ubicacion, nombre_ubicacion) values (33, 'Alicia');
insert into "Ubicaciones" (id_ubicacion, nombre_ubicacion) values (34, 'Ambarita');
insert into "Ubicaciones" (id_ubicacion, nombre_ubicacion) values (35, 'Labuhanjambu');
insert into "Ubicaciones" (id_ubicacion, nombre_ubicacion) values (36, 'Khulo');
insert into "Ubicaciones" (id_ubicacion, nombre_ubicacion) values (37, 'São Manuel');
insert into "Ubicaciones" (id_ubicacion, nombre_ubicacion) values (38, 'Veyno');
insert into "Ubicaciones" (id_ubicacion, nombre_ubicacion) values (39, 'Kitakata');
insert into "Ubicaciones" (id_ubicacion, nombre_ubicacion) values (40, 'Tegarenkrajan');
insert into "Ubicaciones" (id_ubicacion, nombre_ubicacion) values (41, 'Baniachang');
insert into "Ubicaciones" (id_ubicacion, nombre_ubicacion) values (42, 'Maddela');
insert into "Ubicaciones" (id_ubicacion, nombre_ubicacion) values (43, 'Dongtian');
insert into "Ubicaciones" (id_ubicacion, nombre_ubicacion) values (44, 'Liloan');
insert into "Ubicaciones" (id_ubicacion, nombre_ubicacion) values (45, 'Basarabeasca');
insert into "Ubicaciones" (id_ubicacion, nombre_ubicacion) values (46, 'Huangshi');
insert into "Ubicaciones" (id_ubicacion, nombre_ubicacion) values (47, 'Ipoh');
insert into "Ubicaciones" (id_ubicacion, nombre_ubicacion) values (48, 'Pogag');
insert into "Ubicaciones" (id_ubicacion, nombre_ubicacion) values (49, 'Rivas');
insert into "Ubicaciones" (id_ubicacion, nombre_ubicacion) values (50, 'San Jose');
insert into "Ubicaciones" (id_ubicacion, nombre_ubicacion) values (51, 'Devesa');
insert into "Ubicaciones" (id_ubicacion, nombre_ubicacion) values (52, 'Thika');
insert into "Ubicaciones" (id_ubicacion, nombre_ubicacion) values (53, 'Tegina');
insert into "Ubicaciones" (id_ubicacion, nombre_ubicacion) values (54, 'Hinthada');
insert into "Ubicaciones" (id_ubicacion, nombre_ubicacion) values (55, 'Jinniu');
insert into "Ubicaciones" (id_ubicacion, nombre_ubicacion) values (56, 'Mayo Belwa');
insert into "Ubicaciones" (id_ubicacion, nombre_ubicacion) values (57, 'Nggesa');
insert into "Ubicaciones" (id_ubicacion, nombre_ubicacion) values (58, 'Ringinrejo');
insert into "Ubicaciones" (id_ubicacion, nombre_ubicacion) values (59, 'Avelar');
insert into "Ubicaciones" (id_ubicacion, nombre_ubicacion) values (60, 'Wołczyn');
insert into "Ubicaciones" (id_ubicacion, nombre_ubicacion) values (61, 'Besteiros');
insert into "Ubicaciones" (id_ubicacion, nombre_ubicacion) values (62, 'Boston');
insert into "Ubicaciones" (id_ubicacion, nombre_ubicacion) values (63, 'Grajaú');
insert into "Ubicaciones" (id_ubicacion, nombre_ubicacion) values (64, 'Juranalas');
insert into "Ubicaciones" (id_ubicacion, nombre_ubicacion) values (65, 'Yutou');
insert into "Ubicaciones" (id_ubicacion, nombre_ubicacion) values (66, 'Ladysmith');
insert into "Ubicaciones" (id_ubicacion, nombre_ubicacion) values (67, 'Novyy Nekouz');
insert into "Ubicaciones" (id_ubicacion, nombre_ubicacion) values (68, 'Gaoxing');
insert into "Ubicaciones" (id_ubicacion, nombre_ubicacion) values (69, 'Pasongsongan');
insert into "Ubicaciones" (id_ubicacion, nombre_ubicacion) values (70, 'Armanāz');
insert into "Ubicaciones" (id_ubicacion, nombre_ubicacion) values (71, 'Calbuco');
insert into "Ubicaciones" (id_ubicacion, nombre_ubicacion) values (72, 'Sabana Grande de Boyá');
insert into "Ubicaciones" (id_ubicacion, nombre_ubicacion) values (73, 'Naviraí');
insert into "Ubicaciones" (id_ubicacion, nombre_ubicacion) values (74, 'Boromlya');
insert into "Ubicaciones" (id_ubicacion, nombre_ubicacion) values (75, 'Harstad');
insert into "Ubicaciones" (id_ubicacion, nombre_ubicacion) values (76, 'Novyy Oskol');
insert into "Ubicaciones" (id_ubicacion, nombre_ubicacion) values (77, 'Xieyang');
insert into "Ubicaciones" (id_ubicacion, nombre_ubicacion) values (78, 'Karipidita');
insert into "Ubicaciones" (id_ubicacion, nombre_ubicacion) values (79, 'Hastings');
insert into "Ubicaciones" (id_ubicacion, nombre_ubicacion) values (80, 'Barrinha');
insert into "Ubicaciones" (id_ubicacion, nombre_ubicacion) values (81, 'Masebewa');
insert into "Ubicaciones" (id_ubicacion, nombre_ubicacion) values (82, 'Beishidian');
insert into "Ubicaciones" (id_ubicacion, nombre_ubicacion) values (83, 'Perštejn');
insert into "Ubicaciones" (id_ubicacion, nombre_ubicacion) values (84, 'El Adelanto');
insert into "Ubicaciones" (id_ubicacion, nombre_ubicacion) values (85, 'Kuantan');
insert into "Ubicaciones" (id_ubicacion, nombre_ubicacion) values (86, 'Krayen');
insert into "Ubicaciones" (id_ubicacion, nombre_ubicacion) values (87, 'Kalnibolotskaya');
insert into "Ubicaciones" (id_ubicacion, nombre_ubicacion) values (88, 'Uberaba');
insert into "Ubicaciones" (id_ubicacion, nombre_ubicacion) values (89, 'Cantoria');
insert into "Ubicaciones" (id_ubicacion, nombre_ubicacion) values (90, 'Tseel');
insert into "Ubicaciones" (id_ubicacion, nombre_ubicacion) values (91, 'Vypolzovo');
insert into "Ubicaciones" (id_ubicacion, nombre_ubicacion) values (92, 'Zhangduangu');
insert into "Ubicaciones" (id_ubicacion, nombre_ubicacion) values (93, 'Zyukayka');
insert into "Ubicaciones" (id_ubicacion, nombre_ubicacion) values (94, 'Hatavch');
insert into "Ubicaciones" (id_ubicacion, nombre_ubicacion) values (95, 'Monastyrishche');
insert into "Ubicaciones" (id_ubicacion, nombre_ubicacion) values (96, 'Satis');
insert into "Ubicaciones" (id_ubicacion, nombre_ubicacion) values (97, 'Kamensk-Ural’skiy');
insert into "Ubicaciones" (id_ubicacion, nombre_ubicacion) values (98, 'Huarong');
insert into "Ubicaciones" (id_ubicacion, nombre_ubicacion) values (99, 'Shuikou');
insert into "Ubicaciones" (id_ubicacion, nombre_ubicacion) values (100, 'Chalan Pago-Ordot Village');

insert into "Cines" (id_cine, id_ubicacion, nombre_cine) values (1, 70, 'Advent Claymore Convertible Securities and Income Fund II');
insert into "Cines" (id_cine, id_ubicacion, nombre_cine) values (2, 62, 'CommerceHub, Inc.');
insert into "Cines" (id_cine, id_ubicacion, nombre_cine) values (3, 60, 'Cellectis S.A.');
insert into "Cines" (id_cine, id_ubicacion, nombre_cine) values (4, 6, 'Royal Bank Of Canada');
insert into "Cines" (id_cine, id_ubicacion, nombre_cine) values (5, 56, 'Vanguard Russell 2000 ETF');
insert into "Cines" (id_cine, id_ubicacion, nombre_cine) values (6, 91, 'Union Bankshares, Inc.');
insert into "Cines" (id_cine, id_ubicacion, nombre_cine) values (7, 14, 'Tennessee Valley Authority');
insert into "Cines" (id_cine, id_ubicacion, nombre_cine) values (8, 90, 'PAREXEL International Corporation');
insert into "Cines" (id_cine, id_ubicacion, nombre_cine) values (9, 72, 'AG Mortgage Investment Trust, Inc.');
insert into "Cines" (id_cine, id_ubicacion, nombre_cine) values (10, 76, 'Corning Incorporated');
insert into "Cines" (id_cine, id_ubicacion, nombre_cine) values (11, 46, 'Conn''s, Inc.');
insert into "Cines" (id_cine, id_ubicacion, nombre_cine) values (12, 58, 'MidSouth Bancorp');
insert into "Cines" (id_cine, id_ubicacion, nombre_cine) values (13, 58, 'Arrowhead Pharmaceuticals, Inc.');
insert into "Cines" (id_cine, id_ubicacion, nombre_cine) values (14, 40, 'OncoSec Medical Incorporated');
insert into "Cines" (id_cine, id_ubicacion, nombre_cine) values (15, 5, 'Collegium Pharmaceutical, Inc.');
insert into "Cines" (id_cine, id_ubicacion, nombre_cine) values (16, 55, 'Pimco Municipal Income Fund II');
insert into "Cines" (id_cine, id_ubicacion, nombre_cine) values (17, 87, 'ASML Holding N.V.');
insert into "Cines" (id_cine, id_ubicacion, nombre_cine) values (18, 11, 'Canadian Natural Resources Limited');
insert into "Cines" (id_cine, id_ubicacion, nombre_cine) values (19, 55, 'YRC Worldwide, Inc.');
insert into "Cines" (id_cine, id_ubicacion, nombre_cine) values (20, 39, 'Q2 Holdings, Inc.');
insert into "Cines" (id_cine, id_ubicacion, nombre_cine) values (21, 58, 'Alibaba Group Holding Limited');
insert into "Cines" (id_cine, id_ubicacion, nombre_cine) values (22, 36, 'PowerShares S&P SmallCap Industrials Portfolio');
insert into "Cines" (id_cine, id_ubicacion, nombre_cine) values (23, 90, 'RadiSys Corporation');
insert into "Cines" (id_cine, id_ubicacion, nombre_cine) values (24, 3, 'BRF S.A.');
insert into "Cines" (id_cine, id_ubicacion, nombre_cine) values (25, 42, 'Bright Scholar Education Holdings Limited');
insert into "Cines" (id_cine, id_ubicacion, nombre_cine) values (26, 28, 'TSR, Inc.');
insert into "Cines" (id_cine, id_ubicacion, nombre_cine) values (27, 28, 'Kite Realty Group Trust');
insert into "Cines" (id_cine, id_ubicacion, nombre_cine) values (28, 5, 'Bemis Company, Inc.');
insert into "Cines" (id_cine, id_ubicacion, nombre_cine) values (29, 52, 'DragonWave Inc');
insert into "Cines" (id_cine, id_ubicacion, nombre_cine) values (30, 6, 'WisdomTree Japan Hedged SmallCap Equity Fund');
insert into "Cines" (id_cine, id_ubicacion, nombre_cine) values (31, 20, 'Lifetime Brands, Inc.');
insert into "Cines" (id_cine, id_ubicacion, nombre_cine) values (32, 32, 'Royal Bank Scotland plc (The)');
insert into "Cines" (id_cine, id_ubicacion, nombre_cine) values (33, 34, 'Medallion Financial Corp.');
insert into "Cines" (id_cine, id_ubicacion, nombre_cine) values (34, 9, 'Monmouth Real Estate Investment Corporation');
insert into "Cines" (id_cine, id_ubicacion, nombre_cine) values (35, 26, 'Tetra Tech, Inc.');
insert into "Cines" (id_cine, id_ubicacion, nombre_cine) values (36, 99, 'Advent/Claymore Enhanced Growth & Income Fund');
insert into "Cines" (id_cine, id_ubicacion, nombre_cine) values (37, 29, 'State Bank Financial Corporation.');
insert into "Cines" (id_cine, id_ubicacion, nombre_cine) values (38, 92, 'Carbo Ceramics, Inc.');
insert into "Cines" (id_cine, id_ubicacion, nombre_cine) values (39, 48, 'WisdomTree U.S. SmallCap Quality Dividend Growth Fund');
insert into "Cines" (id_cine, id_ubicacion, nombre_cine) values (40, 17, 'SVB Financial Group');
insert into "Cines" (id_cine, id_ubicacion, nombre_cine) values (41, 41, 'INC Research Holdings, Inc.');
insert into "Cines" (id_cine, id_ubicacion, nombre_cine) values (42, 40, 'Dunkin'' Brands Group, Inc.');
insert into "Cines" (id_cine, id_ubicacion, nombre_cine) values (43, 78, 'United Security Bancshares');
insert into "Cines" (id_cine, id_ubicacion, nombre_cine) values (44, 23, 'Bottomline Technologies, Inc.');
insert into "Cines" (id_cine, id_ubicacion, nombre_cine) values (45, 89, 'Mirna Therapeutics, Inc.');
insert into "Cines" (id_cine, id_ubicacion, nombre_cine) values (46, 75, 'MCBC Holdings, Inc.');
insert into "Cines" (id_cine, id_ubicacion, nombre_cine) values (47, 36, 'Microsemi Corporation');
insert into "Cines" (id_cine, id_ubicacion, nombre_cine) values (48, 17, 'ORBCOMM Inc.');
insert into "Cines" (id_cine, id_ubicacion, nombre_cine) values (49, 11, 'CGG');
insert into "Cines" (id_cine, id_ubicacion, nombre_cine) values (50, 28, 'Nuveen Tax-Advantaged Total Return Strategy Fund');
insert into "Cines" (id_cine, id_ubicacion, nombre_cine) values (51, 40, 'Repros Therapeutics Inc.');
insert into "Cines" (id_cine, id_ubicacion, nombre_cine) values (52, 73, 'CBRE Clarion Global Real Estate Income Fund');
insert into "Cines" (id_cine, id_ubicacion, nombre_cine) values (53, 31, 'Gabelli NextShares Trust');
insert into "Cines" (id_cine, id_ubicacion, nombre_cine) values (54, 15, 'Sonus Networks, Inc.');
insert into "Cines" (id_cine, id_ubicacion, nombre_cine) values (55, 95, 'Natuzzi, S.p.A.');
insert into "Cines" (id_cine, id_ubicacion, nombre_cine) values (56, 71, 'LPL Financial Holdings Inc.');
insert into "Cines" (id_cine, id_ubicacion, nombre_cine) values (57, 22, 'Magal Security Systems Ltd.');
insert into "Cines" (id_cine, id_ubicacion, nombre_cine) values (58, 85, 'First Trust RiverFront Dynamic Europe ETF');
insert into "Cines" (id_cine, id_ubicacion, nombre_cine) values (59, 65, 'Actuant Corporation');
insert into "Cines" (id_cine, id_ubicacion, nombre_cine) values (60, 47, 'Western Asset Corporate Loan Fund Inc');
insert into "Cines" (id_cine, id_ubicacion, nombre_cine) values (61, 3, 'Steel Partners Holdings LP');
insert into "Cines" (id_cine, id_ubicacion, nombre_cine) values (62, 44, 'Home BancShares, Inc.');
insert into "Cines" (id_cine, id_ubicacion, nombre_cine) values (63, 70, 'Rio Tinto Plc');
insert into "Cines" (id_cine, id_ubicacion, nombre_cine) values (64, 4, 'Treehouse Foods, Inc.');
insert into "Cines" (id_cine, id_ubicacion, nombre_cine) values (65, 30, 'SenesTech, Inc.');
insert into "Cines" (id_cine, id_ubicacion, nombre_cine) values (66, 64, 'BlackRock Municipal Income Trust');
insert into "Cines" (id_cine, id_ubicacion, nombre_cine) values (67, 76, 'Nathan''s Famous, Inc.');
insert into "Cines" (id_cine, id_ubicacion, nombre_cine) values (68, 41, 'Suncor Energy  Inc.');
insert into "Cines" (id_cine, id_ubicacion, nombre_cine) values (69, 68, 'Invesco Pennsylvania Value Municipal Income Trust');
insert into "Cines" (id_cine, id_ubicacion, nombre_cine) values (70, 61, 'Liberty Media Corporation');
insert into "Cines" (id_cine, id_ubicacion, nombre_cine) values (71, 56, 'Mechel PAO');
insert into "Cines" (id_cine, id_ubicacion, nombre_cine) values (72, 17, 'Asbury Automotive Group Inc');
insert into "Cines" (id_cine, id_ubicacion, nombre_cine) values (73, 3, 'Laboratory Corporation of America Holdings');
insert into "Cines" (id_cine, id_ubicacion, nombre_cine) values (74, 76, 'Korea Electric Power Corporation');
insert into "Cines" (id_cine, id_ubicacion, nombre_cine) values (75, 64, 'Insys Therapeutics, Inc.');
insert into "Cines" (id_cine, id_ubicacion, nombre_cine) values (76, 80, 'Donaldson Company, Inc.');
insert into "Cines" (id_cine, id_ubicacion, nombre_cine) values (77, 43, 'Intercept Pharmaceuticals, Inc.');
insert into "Cines" (id_cine, id_ubicacion, nombre_cine) values (78, 35, 'Arch Capital Group Ltd.');
insert into "Cines" (id_cine, id_ubicacion, nombre_cine) values (79, 48, 'Broadway Financial Corporation');
insert into "Cines" (id_cine, id_ubicacion, nombre_cine) values (80, 54, 'Great Southern Bancorp, Inc.');
insert into "Cines" (id_cine, id_ubicacion, nombre_cine) values (81, 5, 'NorthStar Realty Europe Corp.');
insert into "Cines" (id_cine, id_ubicacion, nombre_cine) values (82, 39, 'Stellar Acquisition III Inc.');
insert into "Cines" (id_cine, id_ubicacion, nombre_cine) values (83, 48, 'Xunlei Limited');
insert into "Cines" (id_cine, id_ubicacion, nombre_cine) values (84, 10, 'Veritone, Inc.');
insert into "Cines" (id_cine, id_ubicacion, nombre_cine) values (85, 5, 'iShares MSCI Europe Financials Sector Index Fund');
insert into "Cines" (id_cine, id_ubicacion, nombre_cine) values (86, 92, 'Bank of America Corporation');
insert into "Cines" (id_cine, id_ubicacion, nombre_cine) values (87, 37, 'Vertex Pharmaceuticals Incorporated');
insert into "Cines" (id_cine, id_ubicacion, nombre_cine) values (88, 84, 'Perma-Fix Environmental Services, Inc.');
insert into "Cines" (id_cine, id_ubicacion, nombre_cine) values (89, 70, 'Del Taco Restaurants, Inc.');
insert into "Cines" (id_cine, id_ubicacion, nombre_cine) values (90, 49, 'Bridgford Foods Corporation');
insert into "Cines" (id_cine, id_ubicacion, nombre_cine) values (91, 83, 'Calithera Biosciences, Inc.');
insert into "Cines" (id_cine, id_ubicacion, nombre_cine) values (92, 81, 'Nustar Energy L.P.');
insert into "Cines" (id_cine, id_ubicacion, nombre_cine) values (93, 19, 'Eaton Vance Tax Advantaged Dividend Income Fund');
insert into "Cines" (id_cine, id_ubicacion, nombre_cine) values (94, 91, 'Cooper-Standard Holdings Inc.');
insert into "Cines" (id_cine, id_ubicacion, nombre_cine) values (95, 43, 'Georgia Power Company');
insert into "Cines" (id_cine, id_ubicacion, nombre_cine) values (96, 58, 'Telephone and Data Systems, Inc.');
insert into "Cines" (id_cine, id_ubicacion, nombre_cine) values (97, 33, 'First Trust RBA Quality Income ETF');
insert into "Cines" (id_cine, id_ubicacion, nombre_cine) values (98, 91, 'Time Warner Inc.');
insert into "Cines" (id_cine, id_ubicacion, nombre_cine) values (99, 43, 'Allot Communications Ltd.');
insert into "Cines" (id_cine, id_ubicacion, nombre_cine) values (100, 95, 'NextEra Energy, Inc.');


insert into "Generos" (id_genero, nombre_genero) values (1, 'Documentary');
insert into "Generos" (id_genero, nombre_genero) values (2, 'Comedy|Musical');
insert into "Generos" (id_genero, nombre_genero) values (3, 'Comedy|Drama');
insert into "Generos" (id_genero, nombre_genero) values (4, 'Action|Crime|Drama');
insert into "Generos" (id_genero, nombre_genero) values (5, 'Drama');
insert into "Generos" (id_genero, nombre_genero) values (6, 'Comedy|Romance');
insert into "Generos" (id_genero, nombre_genero) values (7, 'Drama');
insert into "Generos" (id_genero, nombre_genero) values (8, 'Comedy|Drama|Romance');
insert into "Generos" (id_genero, nombre_genero) values (9, 'Drama');
insert into "Generos" (id_genero, nombre_genero) values (10, 'Drama|Thriller');
insert into "Generos" (id_genero, nombre_genero) values (11, 'Action|Romance|Sci-Fi|Thriller');
insert into "Generos" (id_genero, nombre_genero) values (12, 'Documentary');
insert into "Generos" (id_genero, nombre_genero) values (13, 'Drama|Film-Noir');
insert into "Generos" (id_genero, nombre_genero) values (14, 'Drama');
insert into "Generos" (id_genero, nombre_genero) values (15, 'Comedy|Romance');
insert into "Generos" (id_genero, nombre_genero) values (16, 'Comedy|Drama|Romance');
insert into "Generos" (id_genero, nombre_genero) values (17, 'Comedy|Mystery');
insert into "Generos" (id_genero, nombre_genero) values (18, 'Animation|Children|Drama');
insert into "Generos" (id_genero, nombre_genero) values (19, 'Action|Adventure|Drama|Thriller');
insert into "Generos" (id_genero, nombre_genero) values (20, 'Drama|Musical');
insert into "Generos" (id_genero, nombre_genero) values (21, 'Action|Crime|Horror|Sci-Fi|Thriller');
insert into "Generos" (id_genero, nombre_genero) values (22, 'Drama|Western');
insert into "Generos" (id_genero, nombre_genero) values (23, 'Horror');
insert into "Generos" (id_genero, nombre_genero) values (24, 'Action|Adventure|Fantasy|Horror');
insert into "Generos" (id_genero, nombre_genero) values (25, 'Action|Drama');
insert into "Generos" (id_genero, nombre_genero) values (26, 'Documentary');
insert into "Generos" (id_genero, nombre_genero) values (27, 'Comedy');
insert into "Generos" (id_genero, nombre_genero) values (28, 'Comedy');
insert into "Generos" (id_genero, nombre_genero) values (29, 'Action|Drama|Sci-Fi|Thriller');
insert into "Generos" (id_genero, nombre_genero) values (30, 'Action|Adventure|Fantasy');
insert into "Generos" (id_genero, nombre_genero) values (31, 'Action|Crime|Drama|Thriller');
insert into "Generos" (id_genero, nombre_genero) values (32, 'Drama');
insert into "Generos" (id_genero, nombre_genero) values (33, 'Action|Thriller|War');
insert into "Generos" (id_genero, nombre_genero) values (34, 'Comedy');
insert into "Generos" (id_genero, nombre_genero) values (35, 'Animation|Children|Comedy');
insert into "Generos" (id_genero, nombre_genero) values (36, 'Drama|War');
insert into "Generos" (id_genero, nombre_genero) values (37, 'Comedy|Drama|Romance');
insert into "Generos" (id_genero, nombre_genero) values (38, 'Drama');
insert into "Generos" (id_genero, nombre_genero) values (39, 'Drama|Film-Noir');
insert into "Generos" (id_genero, nombre_genero) values (40, 'Drama');
insert into "Generos" (id_genero, nombre_genero) values (41, 'Comedy|Documentary');
insert into "Generos" (id_genero, nombre_genero) values (42, 'Comedy|Drama|Romance');
insert into "Generos" (id_genero, nombre_genero) values (43, 'Thriller');
insert into "Generos" (id_genero, nombre_genero) values (44, 'Drama|Western');
insert into "Generos" (id_genero, nombre_genero) values (45, 'Comedy|Drama|Horror|Sci-Fi');
insert into "Generos" (id_genero, nombre_genero) values (46, 'Action|Drama');
insert into "Generos" (id_genero, nombre_genero) values (47, 'Documentary');
insert into "Generos" (id_genero, nombre_genero) values (48, 'Crime|Mystery|Thriller');
insert into "Generos" (id_genero, nombre_genero) values (49, 'Animation|Comedy');
insert into "Generos" (id_genero, nombre_genero) values (50, 'Drama');
insert into "Generos" (id_genero, nombre_genero) values (51, 'Drama|Fantasy');
insert into "Generos" (id_genero, nombre_genero) values (52, 'Action|Crime');
insert into "Generos" (id_genero, nombre_genero) values (53, 'Drama');
insert into "Generos" (id_genero, nombre_genero) values (54, 'Documentary');
insert into "Generos" (id_genero, nombre_genero) values (55, 'Documentary');
insert into "Generos" (id_genero, nombre_genero) values (56, 'Drama');
insert into "Generos" (id_genero, nombre_genero) values (57, 'Action|Adventure|Sci-Fi|Thriller|War');
insert into "Generos" (id_genero, nombre_genero) values (58, 'Horror');
insert into "Generos" (id_genero, nombre_genero) values (59, 'Drama');
insert into "Generos" (id_genero, nombre_genero) values (60, 'Horror');
insert into "Generos" (id_genero, nombre_genero) values (61, 'Comedy');
insert into "Generos" (id_genero, nombre_genero) values (62, '(no genres listed)');
insert into "Generos" (id_genero, nombre_genero) values (63, 'Animation|Children');
insert into "Generos" (id_genero, nombre_genero) values (64, 'Drama');
insert into "Generos" (id_genero, nombre_genero) values (65, 'Documentary');
insert into "Generos" (id_genero, nombre_genero) values (66, 'Documentary');
insert into "Generos" (id_genero, nombre_genero) values (67, 'Drama');
insert into "Generos" (id_genero, nombre_genero) values (68, 'Drama|Mystery');
insert into "Generos" (id_genero, nombre_genero) values (69, 'Drama');
insert into "Generos" (id_genero, nombre_genero) values (70, 'Crime|Drama');
insert into "Generos" (id_genero, nombre_genero) values (71, 'Adventure|Comedy|Romance');
insert into "Generos" (id_genero, nombre_genero) values (72, 'Drama');
insert into "Generos" (id_genero, nombre_genero) values (73, 'Animation|Children|Comedy|Musical|Western');
insert into "Generos" (id_genero, nombre_genero) values (74, 'Drama');
insert into "Generos" (id_genero, nombre_genero) values (75, 'Comedy|Drama|Romance');
insert into "Generos" (id_genero, nombre_genero) values (76, 'Drama');
insert into "Generos" (id_genero, nombre_genero) values (77, 'Documentary');
insert into "Generos" (id_genero, nombre_genero) values (78, 'Action|Comedy|Crime|Drama|Sci-Fi');
insert into "Generos" (id_genero, nombre_genero) values (79, 'Drama');
insert into "Generos" (id_genero, nombre_genero) values (80, 'Drama');
insert into "Generos" (id_genero, nombre_genero) values (81, 'Comedy|Drama');
insert into "Generos" (id_genero, nombre_genero) values (82, 'Comedy|Drama');
insert into "Generos" (id_genero, nombre_genero) values (83, 'Documentary');
insert into "Generos" (id_genero, nombre_genero) values (84, 'Sci-Fi|Thriller');
insert into "Generos" (id_genero, nombre_genero) values (85, 'Drama|Thriller');
insert into "Generos" (id_genero, nombre_genero) values (86, 'Drama|Fantasy|Horror');
insert into "Generos" (id_genero, nombre_genero) values (87, 'Action|Western');
insert into "Generos" (id_genero, nombre_genero) values (88, 'Comedy|Drama');
insert into "Generos" (id_genero, nombre_genero) values (89, 'Drama');
insert into "Generos" (id_genero, nombre_genero) values (90, 'Drama');
insert into "Generos" (id_genero, nombre_genero) values (91, 'Drama');
insert into "Generos" (id_genero, nombre_genero) values (92, 'Drama');
insert into "Generos" (id_genero, nombre_genero) values (93, 'Action|Animation|Drama|War');
insert into "Generos" (id_genero, nombre_genero) values (94, 'Documentary');
insert into "Generos" (id_genero, nombre_genero) values (95, 'Documentary');
insert into "Generos" (id_genero, nombre_genero) values (96, 'Horror|Sci-Fi');
insert into "Generos" (id_genero, nombre_genero) values (97, 'Comedy');
insert into "Generos" (id_genero, nombre_genero) values (98, 'Comedy|Musical');
insert into "Generos" (id_genero, nombre_genero) values (99, 'Action|Drama|War');
insert into "Generos" (id_genero, nombre_genero) values (100, 'Comedy|Drama|Romance');


insert into "Peliculas" (id_pelicula, nombre_pelicula, id_genero, duracion_pelicula) values (1, 'Maidentrip', 96, 130);
insert into "Peliculas" (id_pelicula, nombre_pelicula, id_genero, duracion_pelicula) values (2, 'Santa with Muscles', 84, 112);
insert into "Peliculas" (id_pelicula, nombre_pelicula, id_genero, duracion_pelicula) values (3, 'One Husband Too Many', 45, 63);
insert into "Peliculas" (id_pelicula, nombre_pelicula, id_genero, duracion_pelicula) values (4, 'Brighter Summer Day, A (Gu ling jie shao nian sha ren shi jian)', 27, 128);
insert into "Peliculas" (id_pelicula, nombre_pelicula, id_genero, duracion_pelicula) values (5, 'Lupin III: Sweet Lost Night (Rupan Sansei: Sweet Lost Night)', 90, 112);
insert into "Peliculas" (id_pelicula, nombre_pelicula, id_genero, duracion_pelicula) values (6, 'Reality', 32, 107);
insert into "Peliculas" (id_pelicula, nombre_pelicula, id_genero, duracion_pelicula) values (7, 'Golden Bowl, The', 12, 109);
insert into "Peliculas" (id_pelicula, nombre_pelicula, id_genero, duracion_pelicula) values (8, 'Black Narcissus', 16, 151);
insert into "Peliculas" (id_pelicula, nombre_pelicula, id_genero, duracion_pelicula) values (9, 'Ghost Dog: The Way of the Samurai', 55, 137);
insert into "Peliculas" (id_pelicula, nombre_pelicula, id_genero, duracion_pelicula) values (10, 'Man Who Would Be King, The', 42, 73);
insert into "Peliculas" (id_pelicula, nombre_pelicula, id_genero, duracion_pelicula) values (11, 'Gaslight', 71, 99);
insert into "Peliculas" (id_pelicula, nombre_pelicula, id_genero, duracion_pelicula) values (12, 'Willard', 28, 69);
insert into "Peliculas" (id_pelicula, nombre_pelicula, id_genero, duracion_pelicula) values (13, 'Ultraman (Chôhen kaijû eiga: Urutoraman)', 77, 127);
insert into "Peliculas" (id_pelicula, nombre_pelicula, id_genero, duracion_pelicula) values (14, 'Django 2: Django Strikes Again', 68, 89);
insert into "Peliculas" (id_pelicula, nombre_pelicula, id_genero, duracion_pelicula) values (15, 'Torrente 3: El protector', 61, 72);
insert into "Peliculas" (id_pelicula, nombre_pelicula, id_genero, duracion_pelicula) values (16, 'Madman', 51, 103);
insert into "Peliculas" (id_pelicula, nombre_pelicula, id_genero, duracion_pelicula) values (17, 'What the #$*! Do We Know!? (a.k.a. What the Bleep Do We Know!?)', 58, 112);
insert into "Peliculas" (id_pelicula, nombre_pelicula, id_genero, duracion_pelicula) values (18, 'In Two Minds', 84, 103);
insert into "Peliculas" (id_pelicula, nombre_pelicula, id_genero, duracion_pelicula) values (19, 'It''s Pat', 94, 99);
insert into "Peliculas" (id_pelicula, nombre_pelicula, id_genero, duracion_pelicula) values (20, 'Cobb', 65, 106);
insert into "Peliculas" (id_pelicula, nombre_pelicula, id_genero, duracion_pelicula) values (21, 'Death and the Maiden', 47, 135);
insert into "Peliculas" (id_pelicula, nombre_pelicula, id_genero, duracion_pelicula) values (22, 'Heat''s On, The', 33, 124);
insert into "Peliculas" (id_pelicula, nombre_pelicula, id_genero, duracion_pelicula) values (23, 'Right Now (À tout de suite)', 89, 112);
insert into "Peliculas" (id_pelicula, nombre_pelicula, id_genero, duracion_pelicula) values (24, 'Midsummer Night''s Dream, A', 34, 105);
insert into "Peliculas" (id_pelicula, nombre_pelicula, id_genero, duracion_pelicula) values (25, 'Mission to Moscow', 32, 136);
insert into "Peliculas" (id_pelicula, nombre_pelicula, id_genero, duracion_pelicula) values (26, 'Legend of the Lone Ranger, The', 40, 88);
insert into "Peliculas" (id_pelicula, nombre_pelicula, id_genero, duracion_pelicula) values (27, 'His Regeneration', 30, 110);
insert into "Peliculas" (id_pelicula, nombre_pelicula, id_genero, duracion_pelicula) values (28, 'Rancho Notorious', 12, 131);
insert into "Peliculas" (id_pelicula, nombre_pelicula, id_genero, duracion_pelicula) values (29, 'Mr. Baseball', 6, 128);
insert into "Peliculas" (id_pelicula, nombre_pelicula, id_genero, duracion_pelicula) values (30, 'Rusty Knife (Sabita naifu)', 59, 150);
insert into "Peliculas" (id_pelicula, nombre_pelicula, id_genero, duracion_pelicula) values (31, 'Jalla! Jalla!', 28, 88);
insert into "Peliculas" (id_pelicula, nombre_pelicula, id_genero, duracion_pelicula) values (32, 'Let the Fire Burn', 48, 104);
insert into "Peliculas" (id_pelicula, nombre_pelicula, id_genero, duracion_pelicula) values (33, 'My Sister Eileen', 97, 95);
insert into "Peliculas" (id_pelicula, nombre_pelicula, id_genero, duracion_pelicula) values (34, 'F/X', 16, 95);
insert into "Peliculas" (id_pelicula, nombre_pelicula, id_genero, duracion_pelicula) values (35, 'Best of the Best 3: No Turning Back', 49, 68);
insert into "Peliculas" (id_pelicula, nombre_pelicula, id_genero, duracion_pelicula) values (36, 'Breaking the Surface: The Greg Louganis Story', 20, 130);
insert into "Peliculas" (id_pelicula, nombre_pelicula, id_genero, duracion_pelicula) values (37, 'White Sheik, The (Sceicco bianco, Lo)', 2, 69);
insert into "Peliculas" (id_pelicula, nombre_pelicula, id_genero, duracion_pelicula) values (38, 'Vampires', 73, 100);
insert into "Peliculas" (id_pelicula, nombre_pelicula, id_genero, duracion_pelicula) values (39, 'Time and Tide (Seunlau Ngaklau)', 46, 77);
insert into "Peliculas" (id_pelicula, nombre_pelicula, id_genero, duracion_pelicula) values (40, 'No End (Bez konca)', 85, 128);
insert into "Peliculas" (id_pelicula, nombre_pelicula, id_genero, duracion_pelicula) values (41, 'Night Court', 72, 160);
insert into "Peliculas" (id_pelicula, nombre_pelicula, id_genero, duracion_pelicula) values (42, 'Dead & Breakfast', 17, 149);
insert into "Peliculas" (id_pelicula, nombre_pelicula, id_genero, duracion_pelicula) values (43, 'Simon Magus', 57, 92);
insert into "Peliculas" (id_pelicula, nombre_pelicula, id_genero, duracion_pelicula) values (44, 'Wake Island', 26, 114);
insert into "Peliculas" (id_pelicula, nombre_pelicula, id_genero, duracion_pelicula) values (45, 'Altered', 53, 87);
insert into "Peliculas" (id_pelicula, nombre_pelicula, id_genero, duracion_pelicula) values (46, 'Boxtrolls, The', 73, 114);
insert into "Peliculas" (id_pelicula, nombre_pelicula, id_genero, duracion_pelicula) values (47, 'Stranger in the House', 15, 62);
insert into "Peliculas" (id_pelicula, nombre_pelicula, id_genero, duracion_pelicula) values (48, 'Tokyo Decadence (Topâzu)', 40, 152);
insert into "Peliculas" (id_pelicula, nombre_pelicula, id_genero, duracion_pelicula) values (49, 'Goddess (Devi)', 39, 97);
insert into "Peliculas" (id_pelicula, nombre_pelicula, id_genero, duracion_pelicula) values (50, 'Freedom', 83, 116);
insert into "Peliculas" (id_pelicula, nombre_pelicula, id_genero, duracion_pelicula) values (51, 'We Are the Best! (Vi är bäst!)', 69, 79);
insert into "Peliculas" (id_pelicula, nombre_pelicula, id_genero, duracion_pelicula) values (52, 'The Chatterley Affair', 32, 137);
insert into "Peliculas" (id_pelicula, nombre_pelicula, id_genero, duracion_pelicula) values (53, 'White Fang (Zanna Bianca)', 66, 156);
insert into "Peliculas" (id_pelicula, nombre_pelicula, id_genero, duracion_pelicula) values (54, 'Girl Crazy', 36, 93);
insert into "Peliculas" (id_pelicula, nombre_pelicula, id_genero, duracion_pelicula) values (55, 'Veronica Guerin', 56, 66);
insert into "Peliculas" (id_pelicula, nombre_pelicula, id_genero, duracion_pelicula) values (56, 'Phantasm II', 42, 117);
insert into "Peliculas" (id_pelicula, nombre_pelicula, id_genero, duracion_pelicula) values (57, 'Paris, Texas', 20, 123);
insert into "Peliculas" (id_pelicula, nombre_pelicula, id_genero, duracion_pelicula) values (58, 'Kiss Me (Kyss Mig)', 88, 133);
insert into "Peliculas" (id_pelicula, nombre_pelicula, id_genero, duracion_pelicula) values (59, 'Letter from Siberia', 25, 122);
insert into "Peliculas" (id_pelicula, nombre_pelicula, id_genero, duracion_pelicula) values (60, 'Drishyam', 61, 81);
insert into "Peliculas" (id_pelicula, nombre_pelicula, id_genero, duracion_pelicula) values (61, 'Uptown Saturday Night', 84, 82);
insert into "Peliculas" (id_pelicula, nombre_pelicula, id_genero, duracion_pelicula) values (62, 'Casting Couch', 71, 121);
insert into "Peliculas" (id_pelicula, nombre_pelicula, id_genero, duracion_pelicula) values (63, 'Mountain Patrol (Kekexili)', 21, 69);
insert into "Peliculas" (id_pelicula, nombre_pelicula, id_genero, duracion_pelicula) values (64, 'Girl Play', 70, 137);
insert into "Peliculas" (id_pelicula, nombre_pelicula, id_genero, duracion_pelicula) values (65, 'One Spy Too Many', 43, 148);
insert into "Peliculas" (id_pelicula, nombre_pelicula, id_genero, duracion_pelicula) values (66, 'Inside (À l''intérieur)', 77, 116);
insert into "Peliculas" (id_pelicula, nombre_pelicula, id_genero, duracion_pelicula) values (67, 'Supercop 2 (Project S) (Chao ji ji hua)', 35, 136);
insert into "Peliculas" (id_pelicula, nombre_pelicula, id_genero, duracion_pelicula) values (68, 'The Last Gladiators', 11, 119);
insert into "Peliculas" (id_pelicula, nombre_pelicula, id_genero, duracion_pelicula) values (69, 'Back Street', 49, 152);
insert into "Peliculas" (id_pelicula, nombre_pelicula, id_genero, duracion_pelicula) values (70, 'Love at First Fight', 24, 73);
insert into "Peliculas" (id_pelicula, nombre_pelicula, id_genero, duracion_pelicula) values (71, 'One False Move', 78, 148);
insert into "Peliculas" (id_pelicula, nombre_pelicula, id_genero, duracion_pelicula) values (72, 'Vitus', 50, 105);
insert into "Peliculas" (id_pelicula, nombre_pelicula, id_genero, duracion_pelicula) values (73, 'Que Viva Mexico (¡Que Viva Mexico! - Da zdravstvuyet Meksika!)', 60, 128);
insert into "Peliculas" (id_pelicula, nombre_pelicula, id_genero, duracion_pelicula) values (74, 'David Holzman''s Diary', 41, 91);
insert into "Peliculas" (id_pelicula, nombre_pelicula, id_genero, duracion_pelicula) values (75, 'Hit, The', 94, 147);
insert into "Peliculas" (id_pelicula, nombre_pelicula, id_genero, duracion_pelicula) values (76, 'Man Apart, A', 45, 73);
insert into "Peliculas" (id_pelicula, nombre_pelicula, id_genero, duracion_pelicula) values (77, 'Cop', 73, 88);
insert into "Peliculas" (id_pelicula, nombre_pelicula, id_genero, duracion_pelicula) values (78, 'Fuel', 79, 96);
insert into "Peliculas" (id_pelicula, nombre_pelicula, id_genero, duracion_pelicula) values (79, 'Return to Sender', 41, 151);
insert into "Peliculas" (id_pelicula, nombre_pelicula, id_genero, duracion_pelicula) values (80, 'Mudlark, The', 7, 112);
insert into "Peliculas" (id_pelicula, nombre_pelicula, id_genero, duracion_pelicula) values (81, 'Limey, The', 24, 70);
insert into "Peliculas" (id_pelicula, nombre_pelicula, id_genero, duracion_pelicula) values (82, 'Garfield''s Fun Fest', 70, 138);
insert into "Peliculas" (id_pelicula, nombre_pelicula, id_genero, duracion_pelicula) values (83, 'Young Gods (Hymypoika)', 3, 84);
insert into "Peliculas" (id_pelicula, nombre_pelicula, id_genero, duracion_pelicula) values (84, 'C.H.O.M.P.S.', 55, 81);
insert into "Peliculas" (id_pelicula, nombre_pelicula, id_genero, duracion_pelicula) values (85, 'Chouchou', 40, 150);
insert into "Peliculas" (id_pelicula, nombre_pelicula, id_genero, duracion_pelicula) values (86, 'Pete Kelly''s Blues', 68, 103);
insert into "Peliculas" (id_pelicula, nombre_pelicula, id_genero, duracion_pelicula) values (87, 'Blue Week (Sininen viikko)', 26, 134);
insert into "Peliculas" (id_pelicula, nombre_pelicula, id_genero, duracion_pelicula) values (88, 'Wonder Bar', 1, 96);
insert into "Peliculas" (id_pelicula, nombre_pelicula, id_genero, duracion_pelicula) values (89, 'Leviathan', 16, 155);
insert into "Peliculas" (id_pelicula, nombre_pelicula, id_genero, duracion_pelicula) values (90, 'Interceptor', 38, 76);
insert into "Peliculas" (id_pelicula, nombre_pelicula, id_genero, duracion_pelicula) values (91, 'Love Exposure', 55, 82);
insert into "Peliculas" (id_pelicula, nombre_pelicula, id_genero, duracion_pelicula) values (92, 'Godzilla vs. Mothra (Mosura tai Gojira)', 88, 86);
insert into "Peliculas" (id_pelicula, nombre_pelicula, id_genero, duracion_pelicula) values (93, 'R-Point (Arpointeu)', 69, 149);
insert into "Peliculas" (id_pelicula, nombre_pelicula, id_genero, duracion_pelicula) values (94, 'Killer Pad', 53, 91);
insert into "Peliculas" (id_pelicula, nombre_pelicula, id_genero, duracion_pelicula) values (95, 'Corn Is Green, The', 11, 103);
insert into "Peliculas" (id_pelicula, nombre_pelicula, id_genero, duracion_pelicula) values (96, 'Resurrected, The', 9, 160);
insert into "Peliculas" (id_pelicula, nombre_pelicula, id_genero, duracion_pelicula) values (97, 'Last Circus, The (Balada triste de trompeta) (Sad Trumpet Ballad, A)', 81, 114);
insert into "Peliculas" (id_pelicula, nombre_pelicula, id_genero, duracion_pelicula) values (98, 'Lost in the Desert', 60, 83);
insert into "Peliculas" (id_pelicula, nombre_pelicula, id_genero, duracion_pelicula) values (99, 'Raiders of the Lost Ark: The Adaptation', 42, 108);
insert into "Peliculas" (id_pelicula, nombre_pelicula, id_genero, duracion_pelicula) values (100, 'Bag It', 25, 70);


insert into "Tipos_sillas" (id_tipo_silla, nombre) values (1, 'Wiko');
insert into "Tipos_sillas" (id_tipo_silla, nombre) values (2, 'BLU');
insert into "Tipos_sillas" (id_tipo_silla, nombre) values (3, 'Orange');
insert into "Tipos_sillas" (id_tipo_silla, nombre) values (4, 'LG');
insert into "Tipos_sillas" (id_tipo_silla, nombre) values (5, 'Prestigio');
insert into "Tipos_sillas" (id_tipo_silla, nombre) values (6, 'Sony');
insert into "Tipos_sillas" (id_tipo_silla, nombre) values (7, 'Samsung');
insert into "Tipos_sillas" (id_tipo_silla, nombre) values (8, 'Motorola');
insert into "Tipos_sillas" (id_tipo_silla, nombre) values (9, 'Nokia');
insert into "Tipos_sillas" (id_tipo_silla, nombre) values (10, 'VK');
insert into "Tipos_sillas" (id_tipo_silla, nombre) values (11, 'LG');
insert into "Tipos_sillas" (id_tipo_silla, nombre) values (12, 'Samsung');
insert into "Tipos_sillas" (id_tipo_silla, nombre) values (13, 'HTC');
insert into "Tipos_sillas" (id_tipo_silla, nombre) values (14, 'Celkon');
insert into "Tipos_sillas" (id_tipo_silla, nombre) values (15, 'Toshiba');
insert into "Tipos_sillas" (id_tipo_silla, nombre) values (16, 'NEC');
insert into "Tipos_sillas" (id_tipo_silla, nombre) values (17, 'Icemobile');
insert into "Tipos_sillas" (id_tipo_silla, nombre) values (18, 'Parla');
insert into "Tipos_sillas" (id_tipo_silla, nombre) values (19, 'Coolpad');
insert into "Tipos_sillas" (id_tipo_silla, nombre) values (20, 'Samsung');
insert into "Tipos_sillas" (id_tipo_silla, nombre) values (21, 'Coolpad');
insert into "Tipos_sillas" (id_tipo_silla, nombre) values (22, 'Samsung');
insert into "Tipos_sillas" (id_tipo_silla, nombre) values (23, 'Samsung');
insert into "Tipos_sillas" (id_tipo_silla, nombre) values (24, 'HTC');
insert into "Tipos_sillas" (id_tipo_silla, nombre) values (25, 'Oppo');
insert into "Tipos_sillas" (id_tipo_silla, nombre) values (26, 'HTC');
insert into "Tipos_sillas" (id_tipo_silla, nombre) values (27, 'Philips');
insert into "Tipos_sillas" (id_tipo_silla, nombre) values (28, 'Philips');
insert into "Tipos_sillas" (id_tipo_silla, nombre) values (29, 'LG');
insert into "Tipos_sillas" (id_tipo_silla, nombre) values (30, 'Allview');
insert into "Tipos_sillas" (id_tipo_silla, nombre) values (31, 'LG');
insert into "Tipos_sillas" (id_tipo_silla, nombre) values (32, 'Samsung');
insert into "Tipos_sillas" (id_tipo_silla, nombre) values (33, 'Motorola');
insert into "Tipos_sillas" (id_tipo_silla, nombre) values (34, 'Eten');
insert into "Tipos_sillas" (id_tipo_silla, nombre) values (35, 'Allview');
insert into "Tipos_sillas" (id_tipo_silla, nombre) values (36, 'Plum');
insert into "Tipos_sillas" (id_tipo_silla, nombre) values (37, 'Spice');
insert into "Tipos_sillas" (id_tipo_silla, nombre) values (38, 'BLU');
insert into "Tipos_sillas" (id_tipo_silla, nombre) values (39, 'Yezz');
insert into "Tipos_sillas" (id_tipo_silla, nombre) values (40, 'ZTE');
insert into "Tipos_sillas" (id_tipo_silla, nombre) values (41, 'Nokia');
insert into "Tipos_sillas" (id_tipo_silla, nombre) values (42, 'Amoi');
insert into "Tipos_sillas" (id_tipo_silla, nombre) values (43, 'Nokia');
insert into "Tipos_sillas" (id_tipo_silla, nombre) values (44, 'Lava');
insert into "Tipos_sillas" (id_tipo_silla, nombre) values (45, 'Orange');
insert into "Tipos_sillas" (id_tipo_silla, nombre) values (46, 'Motorola');
insert into "Tipos_sillas" (id_tipo_silla, nombre) values (47, 'Xiaomi');
insert into "Tipos_sillas" (id_tipo_silla, nombre) values (48, 'NEC');
insert into "Tipos_sillas" (id_tipo_silla, nombre) values (49, 'Icemobile');
insert into "Tipos_sillas" (id_tipo_silla, nombre) values (50, 'Honor');
insert into "Tipos_sillas" (id_tipo_silla, nombre) values (51, 'Celkon');
insert into "Tipos_sillas" (id_tipo_silla, nombre) values (52, 'Samsung');
insert into "Tipos_sillas" (id_tipo_silla, nombre) values (53, 'Motorola');
insert into "Tipos_sillas" (id_tipo_silla, nombre) values (54, 'Huawei');
insert into "Tipos_sillas" (id_tipo_silla, nombre) values (55, 'BLU');
insert into "Tipos_sillas" (id_tipo_silla, nombre) values (56, 'Motorola');
insert into "Tipos_sillas" (id_tipo_silla, nombre) values (57, 'Posh');
insert into "Tipos_sillas" (id_tipo_silla, nombre) values (58, 'Motorola');
insert into "Tipos_sillas" (id_tipo_silla, nombre) values (59, 'Siemens');
insert into "Tipos_sillas" (id_tipo_silla, nombre) values (60, 'i-mate');
insert into "Tipos_sillas" (id_tipo_silla, nombre) values (61, 'HTC');
insert into "Tipos_sillas" (id_tipo_silla, nombre) values (62, 'LG');
insert into "Tipos_sillas" (id_tipo_silla, nombre) values (63, 'Lenovo');
insert into "Tipos_sillas" (id_tipo_silla, nombre) values (64, 'Nokia');
insert into "Tipos_sillas" (id_tipo_silla, nombre) values (65, 'Celkon');
insert into "Tipos_sillas" (id_tipo_silla, nombre) values (66, 'Xiaomi');
insert into "Tipos_sillas" (id_tipo_silla, nombre) values (67, 'Nokia');
insert into "Tipos_sillas" (id_tipo_silla, nombre) values (68, 'Yezz');
insert into "Tipos_sillas" (id_tipo_silla, nombre) values (69, 'vivo');
insert into "Tipos_sillas" (id_tipo_silla, nombre) values (70, 'Apple');
insert into "Tipos_sillas" (id_tipo_silla, nombre) values (71, 'Lava');
insert into "Tipos_sillas" (id_tipo_silla, nombre) values (72, 'Huawei');
insert into "Tipos_sillas" (id_tipo_silla, nombre) values (73, 'Micromax');
insert into "Tipos_sillas" (id_tipo_silla, nombre) values (74, 'Samsung');
insert into "Tipos_sillas" (id_tipo_silla, nombre) values (75, 'Motorola');
insert into "Tipos_sillas" (id_tipo_silla, nombre) values (76, 'LG');
insert into "Tipos_sillas" (id_tipo_silla, nombre) values (77, 'Acer');
insert into "Tipos_sillas" (id_tipo_silla, nombre) values (78, 'Nokia');
insert into "Tipos_sillas" (id_tipo_silla, nombre) values (79, 'T-Mobile');
insert into "Tipos_sillas" (id_tipo_silla, nombre) values (80, 'Celkon');
insert into "Tipos_sillas" (id_tipo_silla, nombre) values (81, 'Celkon');
insert into "Tipos_sillas" (id_tipo_silla, nombre) values (82, 'verykool');
insert into "Tipos_sillas" (id_tipo_silla, nombre) values (83, 'LG');
insert into "Tipos_sillas" (id_tipo_silla, nombre) values (84, 'alcatel');
insert into "Tipos_sillas" (id_tipo_silla, nombre) values (85, 'Tecno');
insert into "Tipos_sillas" (id_tipo_silla, nombre) values (86, 'Samsung');
insert into "Tipos_sillas" (id_tipo_silla, nombre) values (87, 'Samsung');
insert into "Tipos_sillas" (id_tipo_silla, nombre) values (88, 'Sharp');
insert into "Tipos_sillas" (id_tipo_silla, nombre) values (89, 'i-mobile');
insert into "Tipos_sillas" (id_tipo_silla, nombre) values (90, 'alcatel');
insert into "Tipos_sillas" (id_tipo_silla, nombre) values (91, 'LG');
insert into "Tipos_sillas" (id_tipo_silla, nombre) values (92, 'Allview');
insert into "Tipos_sillas" (id_tipo_silla, nombre) values (93, 'verykool');
insert into "Tipos_sillas" (id_tipo_silla, nombre) values (94, 'alcatel');
insert into "Tipos_sillas" (id_tipo_silla, nombre) values (95, 'LG');
insert into "Tipos_sillas" (id_tipo_silla, nombre) values (96, 'vivo');
insert into "Tipos_sillas" (id_tipo_silla, nombre) values (97, 'Lenovo');
insert into "Tipos_sillas" (id_tipo_silla, nombre) values (98, 'HTC');
insert into "Tipos_sillas" (id_tipo_silla, nombre) values (99, 'Honor');
insert into "Tipos_sillas" (id_tipo_silla, nombre) values (100, 'Motorola');


insert into "Salas" (id_sala, capacidad, id_cine) values (1, 37, 52);
insert into "Salas" (id_sala, capacidad, id_cine) values (2, 36, 35);
insert into "Salas" (id_sala, capacidad, id_cine) values (3, 32, 45);
insert into "Salas" (id_sala, capacidad, id_cine) values (4, 34, 83);
insert into "Salas" (id_sala, capacidad, id_cine) values (5, 20, 94);
insert into "Salas" (id_sala, capacidad, id_cine) values (6, 30, 44);
insert into "Salas" (id_sala, capacidad, id_cine) values (7, 27, 63);
insert into "Salas" (id_sala, capacidad, id_cine) values (8, 34, 53);
insert into "Salas" (id_sala, capacidad, id_cine) values (9, 39, 89);
insert into "Salas" (id_sala, capacidad, id_cine) values (10, 35, 26);
insert into "Salas" (id_sala, capacidad, id_cine) values (11, 30, 27);
insert into "Salas" (id_sala, capacidad, id_cine) values (12, 44, 6);
insert into "Salas" (id_sala, capacidad, id_cine) values (13, 38, 54);
insert into "Salas" (id_sala, capacidad, id_cine) values (14, 50, 67);
insert into "Salas" (id_sala, capacidad, id_cine) values (15, 31, 97);
insert into "Salas" (id_sala, capacidad, id_cine) values (16, 25, 62);
insert into "Salas" (id_sala, capacidad, id_cine) values (17, 45, 4);
insert into "Salas" (id_sala, capacidad, id_cine) values (18, 22, 60);
insert into "Salas" (id_sala, capacidad, id_cine) values (19, 21, 8);
insert into "Salas" (id_sala, capacidad, id_cine) values (20, 46, 90);
insert into "Salas" (id_sala, capacidad, id_cine) values (21, 28, 58);
insert into "Salas" (id_sala, capacidad, id_cine) values (22, 40, 38);
insert into "Salas" (id_sala, capacidad, id_cine) values (23, 20, 35);
insert into "Salas" (id_sala, capacidad, id_cine) values (24, 24, 64);
insert into "Salas" (id_sala, capacidad, id_cine) values (25, 24, 24);
insert into "Salas" (id_sala, capacidad, id_cine) values (26, 43, 68);
insert into "Salas" (id_sala, capacidad, id_cine) values (27, 41, 29);
insert into "Salas" (id_sala, capacidad, id_cine) values (28, 32, 68);
insert into "Salas" (id_sala, capacidad, id_cine) values (29, 35, 51);
insert into "Salas" (id_sala, capacidad, id_cine) values (30, 40, 8);
insert into "Salas" (id_sala, capacidad, id_cine) values (31, 34, 23);
insert into "Salas" (id_sala, capacidad, id_cine) values (32, 37, 5);
insert into "Salas" (id_sala, capacidad, id_cine) values (33, 26, 73);
insert into "Salas" (id_sala, capacidad, id_cine) values (34, 27, 66);
insert into "Salas" (id_sala, capacidad, id_cine) values (35, 29, 77);
insert into "Salas" (id_sala, capacidad, id_cine) values (36, 33, 28);
insert into "Salas" (id_sala, capacidad, id_cine) values (37, 27, 86);
insert into "Salas" (id_sala, capacidad, id_cine) values (38, 25, 14);
insert into "Salas" (id_sala, capacidad, id_cine) values (39, 21, 76);
insert into "Salas" (id_sala, capacidad, id_cine) values (40, 47, 50);
insert into "Salas" (id_sala, capacidad, id_cine) values (41, 49, 39);
insert into "Salas" (id_sala, capacidad, id_cine) values (42, 28, 42);
insert into "Salas" (id_sala, capacidad, id_cine) values (43, 23, 55);
insert into "Salas" (id_sala, capacidad, id_cine) values (44, 37, 98);
insert into "Salas" (id_sala, capacidad, id_cine) values (45, 29, 19);
insert into "Salas" (id_sala, capacidad, id_cine) values (46, 35, 25);
insert into "Salas" (id_sala, capacidad, id_cine) values (47, 34, 83);
insert into "Salas" (id_sala, capacidad, id_cine) values (48, 38, 12);
insert into "Salas" (id_sala, capacidad, id_cine) values (49, 40, 46);
insert into "Salas" (id_sala, capacidad, id_cine) values (50, 34, 48);
insert into "Salas" (id_sala, capacidad, id_cine) values (51, 21, 5);
insert into "Salas" (id_sala, capacidad, id_cine) values (52, 40, 42);
insert into "Salas" (id_sala, capacidad, id_cine) values (53, 29, 65);
insert into "Salas" (id_sala, capacidad, id_cine) values (54, 27, 99);
insert into "Salas" (id_sala, capacidad, id_cine) values (55, 47, 82);
insert into "Salas" (id_sala, capacidad, id_cine) values (56, 33, 85);
insert into "Salas" (id_sala, capacidad, id_cine) values (57, 44, 57);
insert into "Salas" (id_sala, capacidad, id_cine) values (58, 37, 47);
insert into "Salas" (id_sala, capacidad, id_cine) values (59, 32, 35);
insert into "Salas" (id_sala, capacidad, id_cine) values (60, 44, 95);
insert into "Salas" (id_sala, capacidad, id_cine) values (61, 20, 24);
insert into "Salas" (id_sala, capacidad, id_cine) values (62, 40, 92);
insert into "Salas" (id_sala, capacidad, id_cine) values (63, 27, 71);
insert into "Salas" (id_sala, capacidad, id_cine) values (64, 43, 95);
insert into "Salas" (id_sala, capacidad, id_cine) values (65, 25, 100);
insert into "Salas" (id_sala, capacidad, id_cine) values (66, 41, 88);
insert into "Salas" (id_sala, capacidad, id_cine) values (67, 29, 97);
insert into "Salas" (id_sala, capacidad, id_cine) values (68, 28, 25);
insert into "Salas" (id_sala, capacidad, id_cine) values (69, 36, 38);
insert into "Salas" (id_sala, capacidad, id_cine) values (70, 47, 18);
insert into "Salas" (id_sala, capacidad, id_cine) values (71, 30, 75);
insert into "Salas" (id_sala, capacidad, id_cine) values (72, 36, 57);
insert into "Salas" (id_sala, capacidad, id_cine) values (73, 26, 35);
insert into "Salas" (id_sala, capacidad, id_cine) values (74, 33, 82);
insert into "Salas" (id_sala, capacidad, id_cine) values (75, 44, 44);
insert into "Salas" (id_sala, capacidad, id_cine) values (76, 43, 43);
insert into "Salas" (id_sala, capacidad, id_cine) values (77, 27, 53);
insert into "Salas" (id_sala, capacidad, id_cine) values (78, 38, 28);
insert into "Salas" (id_sala, capacidad, id_cine) values (79, 22, 33);
insert into "Salas" (id_sala, capacidad, id_cine) values (80, 27, 51);
insert into "Salas" (id_sala, capacidad, id_cine) values (81, 50, 78);
insert into "Salas" (id_sala, capacidad, id_cine) values (82, 47, 22);
insert into "Salas" (id_sala, capacidad, id_cine) values (83, 20, 24);
insert into "Salas" (id_sala, capacidad, id_cine) values (84, 48, 23);
insert into "Salas" (id_sala, capacidad, id_cine) values (85, 35, 65);
insert into "Salas" (id_sala, capacidad, id_cine) values (86, 40, 56);
insert into "Salas" (id_sala, capacidad, id_cine) values (87, 39, 64);
insert into "Salas" (id_sala, capacidad, id_cine) values (88, 38, 90);
insert into "Salas" (id_sala, capacidad, id_cine) values (89, 48, 59);
insert into "Salas" (id_sala, capacidad, id_cine) values (90, 41, 13);
insert into "Salas" (id_sala, capacidad, id_cine) values (91, 23, 62);
insert into "Salas" (id_sala, capacidad, id_cine) values (92, 23, 75);
insert into "Salas" (id_sala, capacidad, id_cine) values (93, 49, 86);
insert into "Salas" (id_sala, capacidad, id_cine) values (94, 50, 90);
insert into "Salas" (id_sala, capacidad, id_cine) values (95, 37, 13);
insert into "Salas" (id_sala, capacidad, id_cine) values (96, 50, 49);
insert into "Salas" (id_sala, capacidad, id_cine) values (97, 31, 30);
insert into "Salas" (id_sala, capacidad, id_cine) values (98, 34, 87);
insert into "Salas" (id_sala, capacidad, id_cine) values (99, 39, 23);
insert into "Salas" (id_sala, capacidad, id_cine) values (100, 42, 67);


insert into "Sillas" (id_silla, tipo_silla, id_sala) values (1, 49, 78);
insert into "Sillas" (id_silla, tipo_silla, id_sala) values (2, 18, 5);
insert into "Sillas" (id_silla, tipo_silla, id_sala) values (3, 83, 85);
insert into "Sillas" (id_silla, tipo_silla, id_sala) values (4, 48, 7);
insert into "Sillas" (id_silla, tipo_silla, id_sala) values (5, 17, 11);
insert into "Sillas" (id_silla, tipo_silla, id_sala) values (6, 7, 80);
insert into "Sillas" (id_silla, tipo_silla, id_sala) values (7, 84, 49);
insert into "Sillas" (id_silla, tipo_silla, id_sala) values (8, 79, 22);
insert into "Sillas" (id_silla, tipo_silla, id_sala) values (9, 23, 18);
insert into "Sillas" (id_silla, tipo_silla, id_sala) values (10, 64, 75);
insert into "Sillas" (id_silla, tipo_silla, id_sala) values (11, 10, 27);
insert into "Sillas" (id_silla, tipo_silla, id_sala) values (12, 72, 39);
insert into "Sillas" (id_silla, tipo_silla, id_sala) values (13, 53, 23);
insert into "Sillas" (id_silla, tipo_silla, id_sala) values (14, 42, 49);
insert into "Sillas" (id_silla, tipo_silla, id_sala) values (15, 86, 95);
insert into "Sillas" (id_silla, tipo_silla, id_sala) values (16, 17, 58);
insert into "Sillas" (id_silla, tipo_silla, id_sala) values (17, 74, 88);
insert into "Sillas" (id_silla, tipo_silla, id_sala) values (18, 36, 49);
insert into "Sillas" (id_silla, tipo_silla, id_sala) values (19, 38, 74);
insert into "Sillas" (id_silla, tipo_silla, id_sala) values (20, 29, 13);
insert into "Sillas" (id_silla, tipo_silla, id_sala) values (21, 41, 58);
insert into "Sillas" (id_silla, tipo_silla, id_sala) values (22, 97, 79);
insert into "Sillas" (id_silla, tipo_silla, id_sala) values (23, 73, 83);
insert into "Sillas" (id_silla, tipo_silla, id_sala) values (24, 36, 94);
insert into "Sillas" (id_silla, tipo_silla, id_sala) values (25, 21, 13);
insert into "Sillas" (id_silla, tipo_silla, id_sala) values (26, 85, 20);
insert into "Sillas" (id_silla, tipo_silla, id_sala) values (27, 44, 10);
insert into "Sillas" (id_silla, tipo_silla, id_sala) values (28, 16, 93);
insert into "Sillas" (id_silla, tipo_silla, id_sala) values (29, 87, 14);
insert into "Sillas" (id_silla, tipo_silla, id_sala) values (30, 91, 83);
insert into "Sillas" (id_silla, tipo_silla, id_sala) values (31, 47, 7);
insert into "Sillas" (id_silla, tipo_silla, id_sala) values (32, 89, 99);
insert into "Sillas" (id_silla, tipo_silla, id_sala) values (33, 82, 3);
insert into "Sillas" (id_silla, tipo_silla, id_sala) values (34, 4, 44);
insert into "Sillas" (id_silla, tipo_silla, id_sala) values (35, 91, 44);
insert into "Sillas" (id_silla, tipo_silla, id_sala) values (36, 94, 54);
insert into "Sillas" (id_silla, tipo_silla, id_sala) values (37, 61, 66);
insert into "Sillas" (id_silla, tipo_silla, id_sala) values (38, 3, 60);
insert into "Sillas" (id_silla, tipo_silla, id_sala) values (39, 41, 84);
insert into "Sillas" (id_silla, tipo_silla, id_sala) values (40, 42, 92);
insert into "Sillas" (id_silla, tipo_silla, id_sala) values (41, 40, 28);
insert into "Sillas" (id_silla, tipo_silla, id_sala) values (42, 68, 66);
insert into "Sillas" (id_silla, tipo_silla, id_sala) values (43, 38, 77);
insert into "Sillas" (id_silla, tipo_silla, id_sala) values (44, 72, 19);
insert into "Sillas" (id_silla, tipo_silla, id_sala) values (45, 34, 28);
insert into "Sillas" (id_silla, tipo_silla, id_sala) values (46, 78, 60);
insert into "Sillas" (id_silla, tipo_silla, id_sala) values (47, 55, 76);
insert into "Sillas" (id_silla, tipo_silla, id_sala) values (48, 98, 1);
insert into "Sillas" (id_silla, tipo_silla, id_sala) values (49, 11, 96);
insert into "Sillas" (id_silla, tipo_silla, id_sala) values (50, 91, 1);
insert into "Sillas" (id_silla, tipo_silla, id_sala) values (51, 32, 6);
insert into "Sillas" (id_silla, tipo_silla, id_sala) values (52, 42, 63);
insert into "Sillas" (id_silla, tipo_silla, id_sala) values (53, 55, 49);
insert into "Sillas" (id_silla, tipo_silla, id_sala) values (54, 92, 30);
insert into "Sillas" (id_silla, tipo_silla, id_sala) values (55, 41, 23);
insert into "Sillas" (id_silla, tipo_silla, id_sala) values (56, 22, 22);
insert into "Sillas" (id_silla, tipo_silla, id_sala) values (57, 73, 3);
insert into "Sillas" (id_silla, tipo_silla, id_sala) values (58, 42, 37);
insert into "Sillas" (id_silla, tipo_silla, id_sala) values (59, 61, 90);
insert into "Sillas" (id_silla, tipo_silla, id_sala) values (60, 53, 13);
insert into "Sillas" (id_silla, tipo_silla, id_sala) values (61, 49, 74);
insert into "Sillas" (id_silla, tipo_silla, id_sala) values (62, 78, 18);
insert into "Sillas" (id_silla, tipo_silla, id_sala) values (63, 30, 40);
insert into "Sillas" (id_silla, tipo_silla, id_sala) values (64, 46, 33);
insert into "Sillas" (id_silla, tipo_silla, id_sala) values (65, 55, 62);
insert into "Sillas" (id_silla, tipo_silla, id_sala) values (66, 53, 81);
insert into "Sillas" (id_silla, tipo_silla, id_sala) values (67, 74, 24);
insert into "Sillas" (id_silla, tipo_silla, id_sala) values (68, 2, 93);
insert into "Sillas" (id_silla, tipo_silla, id_sala) values (69, 78, 100);
insert into "Sillas" (id_silla, tipo_silla, id_sala) values (70, 53, 76);
insert into "Sillas" (id_silla, tipo_silla, id_sala) values (71, 1, 89);
insert into "Sillas" (id_silla, tipo_silla, id_sala) values (72, 91, 93);
insert into "Sillas" (id_silla, tipo_silla, id_sala) values (73, 34, 96);
insert into "Sillas" (id_silla, tipo_silla, id_sala) values (74, 13, 46);
insert into "Sillas" (id_silla, tipo_silla, id_sala) values (75, 80, 15);
insert into "Sillas" (id_silla, tipo_silla, id_sala) values (76, 22, 38);
insert into "Sillas" (id_silla, tipo_silla, id_sala) values (77, 1, 34);
insert into "Sillas" (id_silla, tipo_silla, id_sala) values (78, 66, 59);
insert into "Sillas" (id_silla, tipo_silla, id_sala) values (79, 47, 28);
insert into "Sillas" (id_silla, tipo_silla, id_sala) values (80, 11, 94);
insert into "Sillas" (id_silla, tipo_silla, id_sala) values (81, 34, 21);
insert into "Sillas" (id_silla, tipo_silla, id_sala) values (82, 22, 79);
insert into "Sillas" (id_silla, tipo_silla, id_sala) values (83, 79, 57);
insert into "Sillas" (id_silla, tipo_silla, id_sala) values (84, 97, 78);
insert into "Sillas" (id_silla, tipo_silla, id_sala) values (85, 79, 89);
insert into "Sillas" (id_silla, tipo_silla, id_sala) values (86, 90, 42);
insert into "Sillas" (id_silla, tipo_silla, id_sala) values (87, 2, 46);
insert into "Sillas" (id_silla, tipo_silla, id_sala) values (88, 67, 62);
insert into "Sillas" (id_silla, tipo_silla, id_sala) values (89, 38, 24);
insert into "Sillas" (id_silla, tipo_silla, id_sala) values (90, 34, 58);
insert into "Sillas" (id_silla, tipo_silla, id_sala) values (91, 2, 67);
insert into "Sillas" (id_silla, tipo_silla, id_sala) values (92, 66, 51);
insert into "Sillas" (id_silla, tipo_silla, id_sala) values (93, 8, 6);
insert into "Sillas" (id_silla, tipo_silla, id_sala) values (94, 31, 32);
insert into "Sillas" (id_silla, tipo_silla, id_sala) values (95, 33, 27);
insert into "Sillas" (id_silla, tipo_silla, id_sala) values (96, 56, 83);
insert into "Sillas" (id_silla, tipo_silla, id_sala) values (97, 14, 16);
insert into "Sillas" (id_silla, tipo_silla, id_sala) values (98, 67, 24);
insert into "Sillas" (id_silla, tipo_silla, id_sala) values (99, 69, 47);
insert into "Sillas" (id_silla, tipo_silla, id_sala) values (100, 35, 37);


insert into "Horarios" (id_horario, id_pelicula, fecha, hora) values (1, 85, '2024-06-12 16:13:02', '6:48 AM');
insert into "Horarios" (id_horario, id_pelicula, fecha, hora) values (2, 68, '2024-07-26 22:10:41', '3:09 PM');
insert into "Horarios" (id_horario, id_pelicula, fecha, hora) values (3, 75, '2023-09-07 22:47:23', '6:31 AM');
insert into "Horarios" (id_horario, id_pelicula, fecha, hora) values (4, 8, '2024-04-02 07:51:16', '6:49 PM');
insert into "Horarios" (id_horario, id_pelicula, fecha, hora) values (5, 32, '2024-02-09 13:40:45', '4:29 AM');
insert into "Horarios" (id_horario, id_pelicula, fecha, hora) values (6, 62, '2024-07-22 20:19:02', '12:05 PM');
insert into "Horarios" (id_horario, id_pelicula, fecha, hora) values (7, 77, '2024-06-03 14:59:10', '9:10 PM');
insert into "Horarios" (id_horario, id_pelicula, fecha, hora) values (8, 32, '2023-09-04 22:03:35', '5:24 AM');
insert into "Horarios" (id_horario, id_pelicula, fecha, hora) values (9, 84, '2024-07-02 01:47:33', '3:01 PM');
insert into "Horarios" (id_horario, id_pelicula, fecha, hora) values (10, 3, '2024-04-26 08:36:58', '7:26 PM');
insert into "Horarios" (id_horario, id_pelicula, fecha, hora) values (11, 96, '2024-04-03 15:41:07', '12:59 PM');
insert into "Horarios" (id_horario, id_pelicula, fecha, hora) values (12, 9, '2024-02-08 17:14:06', '12:57 PM');
insert into "Horarios" (id_horario, id_pelicula, fecha, hora) values (13, 68, '2024-06-04 08:24:03', '10:37 PM');
insert into "Horarios" (id_horario, id_pelicula, fecha, hora) values (14, 45, '2024-02-14 23:50:50', '8:52 AM');
insert into "Horarios" (id_horario, id_pelicula, fecha, hora) values (15, 60, '2024-04-11 20:50:23', '10:48 PM');
insert into "Horarios" (id_horario, id_pelicula, fecha, hora) values (16, 8, '2024-08-18 16:48:51', '3:38 AM');
insert into "Horarios" (id_horario, id_pelicula, fecha, hora) values (17, 73, '2024-07-24 22:30:07', '7:06 AM');
insert into "Horarios" (id_horario, id_pelicula, fecha, hora) values (18, 47, '2023-11-20 13:10:33', '10:23 AM');
insert into "Horarios" (id_horario, id_pelicula, fecha, hora) values (19, 40, '2024-06-12 22:48:17', '1:15 PM');
insert into "Horarios" (id_horario, id_pelicula, fecha, hora) values (20, 10, '2024-04-06 13:00:43', '12:56 PM');
insert into "Horarios" (id_horario, id_pelicula, fecha, hora) values (21, 6, '2024-05-11 00:14:41', '5:08 PM');
insert into "Horarios" (id_horario, id_pelicula, fecha, hora) values (22, 4, '2024-06-19 12:36:30', '6:05 AM');
insert into "Horarios" (id_horario, id_pelicula, fecha, hora) values (23, 82, '2024-04-07 23:39:22', '4:27 AM');
insert into "Horarios" (id_horario, id_pelicula, fecha, hora) values (24, 23, '2024-08-24 21:59:43', '1:02 PM');
insert into "Horarios" (id_horario, id_pelicula, fecha, hora) values (25, 34, '2023-09-04 19:56:14', '4:33 PM');
insert into "Horarios" (id_horario, id_pelicula, fecha, hora) values (26, 36, '2024-06-18 01:47:39', '6:21 PM');
insert into "Horarios" (id_horario, id_pelicula, fecha, hora) values (27, 45, '2024-02-28 19:05:08', '9:43 PM');
insert into "Horarios" (id_horario, id_pelicula, fecha, hora) values (28, 81, '2023-10-01 00:34:34', '5:14 PM');
insert into "Horarios" (id_horario, id_pelicula, fecha, hora) values (29, 54, '2023-11-28 01:44:14', '5:17 PM');
insert into "Horarios" (id_horario, id_pelicula, fecha, hora) values (30, 61, '2024-07-17 21:09:37', '10:44 PM');
insert into "Horarios" (id_horario, id_pelicula, fecha, hora) values (31, 93, '2024-04-07 14:13:22', '10:05 AM');
insert into "Horarios" (id_horario, id_pelicula, fecha, hora) values (32, 100, '2024-04-03 18:59:37', '10:27 PM');
insert into "Horarios" (id_horario, id_pelicula, fecha, hora) values (33, 97, '2024-08-11 04:29:45', '6:01 PM');
insert into "Horarios" (id_horario, id_pelicula, fecha, hora) values (34, 61, '2023-10-02 07:02:54', '3:46 AM');
insert into "Horarios" (id_horario, id_pelicula, fecha, hora) values (35, 3, '2024-08-07 04:49:35', '4:16 AM');
insert into "Horarios" (id_horario, id_pelicula, fecha, hora) values (36, 26, '2024-08-20 12:24:01', '3:25 AM');
insert into "Horarios" (id_horario, id_pelicula, fecha, hora) values (37, 83, '2024-04-23 12:38:11', '3:18 PM');
insert into "Horarios" (id_horario, id_pelicula, fecha, hora) values (38, 93, '2024-08-23 15:47:19', '3:18 AM');
insert into "Horarios" (id_horario, id_pelicula, fecha, hora) values (39, 5, '2024-05-22 23:43:48', '8:07 PM');
insert into "Horarios" (id_horario, id_pelicula, fecha, hora) values (40, 59, '2023-09-17 04:26:19', '6:48 AM');
insert into "Horarios" (id_horario, id_pelicula, fecha, hora) values (41, 66, '2024-02-03 00:22:06', '6:56 PM');
insert into "Horarios" (id_horario, id_pelicula, fecha, hora) values (42, 41, '2024-07-01 21:45:56', '2:41 AM');
insert into "Horarios" (id_horario, id_pelicula, fecha, hora) values (43, 46, '2023-09-27 13:38:21', '9:18 AM');
insert into "Horarios" (id_horario, id_pelicula, fecha, hora) values (44, 68, '2023-12-27 21:39:32', '8:19 AM');
insert into "Horarios" (id_horario, id_pelicula, fecha, hora) values (45, 80, '2023-12-16 06:51:12', '7:56 PM');
insert into "Horarios" (id_horario, id_pelicula, fecha, hora) values (46, 76, '2024-05-04 17:16:45', '3:49 AM');
insert into "Horarios" (id_horario, id_pelicula, fecha, hora) values (47, 97, '2023-08-28 03:43:46', '10:50 PM');
insert into "Horarios" (id_horario, id_pelicula, fecha, hora) values (48, 16, '2023-10-01 15:52:19', '8:14 PM');
insert into "Horarios" (id_horario, id_pelicula, fecha, hora) values (49, 48, '2023-12-16 00:09:12', '8:41 AM');
insert into "Horarios" (id_horario, id_pelicula, fecha, hora) values (50, 14, '2024-01-21 08:17:37', '12:29 AM');
insert into "Horarios" (id_horario, id_pelicula, fecha, hora) values (51, 70, '2024-06-27 07:25:56', '1:58 AM');
insert into "Horarios" (id_horario, id_pelicula, fecha, hora) values (52, 10, '2023-12-05 05:05:11', '3:21 PM');
insert into "Horarios" (id_horario, id_pelicula, fecha, hora) values (53, 8, '2024-08-05 18:05:57', '8:11 PM');
insert into "Horarios" (id_horario, id_pelicula, fecha, hora) values (54, 71, '2023-12-27 21:05:01', '8:32 AM');
insert into "Horarios" (id_horario, id_pelicula, fecha, hora) values (55, 1, '2024-06-23 08:17:56', '12:48 PM');
insert into "Horarios" (id_horario, id_pelicula, fecha, hora) values (56, 85, '2023-12-27 21:20:02', '11:04 PM');
insert into "Horarios" (id_horario, id_pelicula, fecha, hora) values (57, 87, '2024-03-11 21:41:14', '10:59 AM');
insert into "Horarios" (id_horario, id_pelicula, fecha, hora) values (58, 93, '2024-08-25 00:38:00', '8:01 AM');
insert into "Horarios" (id_horario, id_pelicula, fecha, hora) values (59, 63, '2023-12-13 08:53:19', '4:21 PM');
insert into "Horarios" (id_horario, id_pelicula, fecha, hora) values (60, 68, '2024-08-12 03:41:02', '3:24 PM');
insert into "Horarios" (id_horario, id_pelicula, fecha, hora) values (61, 98, '2023-11-05 02:46:47', '9:34 PM');
insert into "Horarios" (id_horario, id_pelicula, fecha, hora) values (62, 68, '2024-08-19 16:59:43', '11:06 PM');
insert into "Horarios" (id_horario, id_pelicula, fecha, hora) values (63, 39, '2024-07-06 17:48:30', '4:47 AM');
insert into "Horarios" (id_horario, id_pelicula, fecha, hora) values (64, 51, '2024-06-13 03:45:16', '8:56 PM');
insert into "Horarios" (id_horario, id_pelicula, fecha, hora) values (65, 27, '2023-11-22 09:40:39', '3:48 AM');
insert into "Horarios" (id_horario, id_pelicula, fecha, hora) values (66, 75, '2024-03-13 21:30:15', '6:05 PM');
insert into "Horarios" (id_horario, id_pelicula, fecha, hora) values (67, 12, '2024-08-21 01:17:20', '2:06 AM');
insert into "Horarios" (id_horario, id_pelicula, fecha, hora) values (68, 83, '2024-06-06 05:12:13', '9:28 PM');
insert into "Horarios" (id_horario, id_pelicula, fecha, hora) values (69, 81, '2024-07-20 07:24:59', '6:15 PM');
insert into "Horarios" (id_horario, id_pelicula, fecha, hora) values (70, 5, '2024-01-03 03:25:44', '12:44 PM');
insert into "Horarios" (id_horario, id_pelicula, fecha, hora) values (71, 14, '2024-05-13 07:07:09', '4:29 AM');
insert into "Horarios" (id_horario, id_pelicula, fecha, hora) values (72, 94, '2024-07-01 12:30:16', '4:30 PM');
insert into "Horarios" (id_horario, id_pelicula, fecha, hora) values (73, 54, '2023-09-17 11:55:53', '6:40 PM');
insert into "Horarios" (id_horario, id_pelicula, fecha, hora) values (74, 99, '2023-11-27 07:45:13', '4:46 PM');
insert into "Horarios" (id_horario, id_pelicula, fecha, hora) values (75, 10, '2023-10-31 08:53:19', '6:20 AM');
insert into "Horarios" (id_horario, id_pelicula, fecha, hora) values (76, 48, '2024-01-01 10:28:19', '3:23 PM');
insert into "Horarios" (id_horario, id_pelicula, fecha, hora) values (77, 97, '2023-11-17 00:49:20', '5:13 PM');
insert into "Horarios" (id_horario, id_pelicula, fecha, hora) values (78, 23, '2024-06-26 11:02:04', '11:50 PM');
insert into "Horarios" (id_horario, id_pelicula, fecha, hora) values (79, 3, '2024-07-07 00:50:54', '12:15 AM');
insert into "Horarios" (id_horario, id_pelicula, fecha, hora) values (80, 64, '2023-09-22 03:41:20', '2:50 PM');
insert into "Horarios" (id_horario, id_pelicula, fecha, hora) values (81, 64, '2024-05-24 04:27:56', '5:02 AM');
insert into "Horarios" (id_horario, id_pelicula, fecha, hora) values (82, 58, '2023-12-16 02:48:27', '7:43 PM');
insert into "Horarios" (id_horario, id_pelicula, fecha, hora) values (83, 74, '2024-06-08 14:43:45', '10:07 PM');
insert into "Horarios" (id_horario, id_pelicula, fecha, hora) values (84, 55, '2024-04-17 03:22:29', '5:31 PM');
insert into "Horarios" (id_horario, id_pelicula, fecha, hora) values (85, 47, '2024-03-31 21:20:58', '9:46 PM');
insert into "Horarios" (id_horario, id_pelicula, fecha, hora) values (86, 16, '2024-03-14 01:01:28', '7:17 AM');
insert into "Horarios" (id_horario, id_pelicula, fecha, hora) values (87, 38, '2024-02-26 23:35:20', '9:24 PM');
insert into "Horarios" (id_horario, id_pelicula, fecha, hora) values (88, 57, '2024-02-04 15:42:57', '6:12 AM');
insert into "Horarios" (id_horario, id_pelicula, fecha, hora) values (89, 9, '2024-03-28 02:26:56', '4:38 AM');
insert into "Horarios" (id_horario, id_pelicula, fecha, hora) values (90, 48, '2023-10-10 16:47:34', '4:42 AM');
insert into "Horarios" (id_horario, id_pelicula, fecha, hora) values (91, 73, '2023-10-27 09:49:55', '11:11 AM');
insert into "Horarios" (id_horario, id_pelicula, fecha, hora) values (92, 14, '2024-02-24 09:46:58', '11:08 AM');
insert into "Horarios" (id_horario, id_pelicula, fecha, hora) values (93, 70, '2024-01-13 02:35:09', '7:49 AM');
insert into "Horarios" (id_horario, id_pelicula, fecha, hora) values (94, 34, '2023-10-14 18:42:39', '5:38 AM');
insert into "Horarios" (id_horario, id_pelicula, fecha, hora) values (95, 49, '2023-09-16 17:30:25', '8:43 PM');
insert into "Horarios" (id_horario, id_pelicula, fecha, hora) values (96, 93, '2024-01-13 15:20:07', '2:10 PM');
insert into "Horarios" (id_horario, id_pelicula, fecha, hora) values (97, 46, '2024-05-26 21:06:43', '9:57 PM');
insert into "Horarios" (id_horario, id_pelicula, fecha, hora) values (98, 40, '2024-03-22 14:48:35', '2:20 PM');
insert into "Horarios" (id_horario, id_pelicula, fecha, hora) values (99, 69, '2023-11-22 21:16:35', '3:28 PM');
insert into "Horarios" (id_horario, id_pelicula, fecha, hora) values (100, 76, '2023-09-30 23:25:58', '4:48 AM');


insert into "Personas" (id_persona, nombre_persona, id_ubicacion, fecha_nac_persona) values (1, 'Tod Beckenham', 75, '2024-06-07 13:16:00');
insert into "Personas" (id_persona, nombre_persona, id_ubicacion, fecha_nac_persona) values (2, 'Benedikt Sarath', 96, '2023-10-08 07:19:28');
insert into "Personas" (id_persona, nombre_persona, id_ubicacion, fecha_nac_persona) values (3, 'Izak Gonnely', 43, '2023-10-22 07:49:49');
insert into "Personas" (id_persona, nombre_persona, id_ubicacion, fecha_nac_persona) values (4, 'Concettina Wimbridge', 45, '2023-09-09 21:45:55');
insert into "Personas" (id_persona, nombre_persona, id_ubicacion, fecha_nac_persona) values (5, 'Vergil Nan Carrow', 39, '2024-06-22 00:40:50');
insert into "Personas" (id_persona, nombre_persona, id_ubicacion, fecha_nac_persona) values (6, 'Elisabeth Michurin', 67, '2023-10-25 22:47:35');
insert into "Personas" (id_persona, nombre_persona, id_ubicacion, fecha_nac_persona) values (7, 'Sharia Beaudry', 86, '2024-08-18 08:15:21');
insert into "Personas" (id_persona, nombre_persona, id_ubicacion, fecha_nac_persona) values (8, 'Nyssa Rishworth', 82, '2023-10-05 12:28:35');
insert into "Personas" (id_persona, nombre_persona, id_ubicacion, fecha_nac_persona) values (9, 'Hervey Lumbly', 46, '2024-05-24 12:11:36');
insert into "Personas" (id_persona, nombre_persona, id_ubicacion, fecha_nac_persona) values (10, 'Maggi Greader', 94, '2023-12-26 18:26:41');
insert into "Personas" (id_persona, nombre_persona, id_ubicacion, fecha_nac_persona) values (11, 'Curtice Cleverly', 76, '2023-09-15 11:50:12');
insert into "Personas" (id_persona, nombre_persona, id_ubicacion, fecha_nac_persona) values (12, 'Matthieu Branton', 79, '2023-11-22 07:17:35');
insert into "Personas" (id_persona, nombre_persona, id_ubicacion, fecha_nac_persona) values (13, 'Mendie Hanton', 43, '2024-06-19 04:36:10');
insert into "Personas" (id_persona, nombre_persona, id_ubicacion, fecha_nac_persona) values (14, 'Les Huck', 8, '2024-03-07 18:05:11');
insert into "Personas" (id_persona, nombre_persona, id_ubicacion, fecha_nac_persona) values (15, 'Hayyim Tytherton', 10, '2024-02-29 12:30:55');
insert into "Personas" (id_persona, nombre_persona, id_ubicacion, fecha_nac_persona) values (16, 'Vyky Egerton', 95, '2024-03-14 03:47:23');
insert into "Personas" (id_persona, nombre_persona, id_ubicacion, fecha_nac_persona) values (17, 'Evita Twittey', 13, '2023-10-26 14:46:54');
insert into "Personas" (id_persona, nombre_persona, id_ubicacion, fecha_nac_persona) values (18, 'Lesya Nicely', 51, '2024-02-13 11:30:01');
insert into "Personas" (id_persona, nombre_persona, id_ubicacion, fecha_nac_persona) values (19, 'Cory Ronaldson', 66, '2024-02-16 05:00:33');
insert into "Personas" (id_persona, nombre_persona, id_ubicacion, fecha_nac_persona) values (20, 'Isidoro Avis', 10, '2024-08-16 04:05:46');
insert into "Personas" (id_persona, nombre_persona, id_ubicacion, fecha_nac_persona) values (21, 'Hermine Gibbon', 8, '2024-03-09 05:07:31');
insert into "Personas" (id_persona, nombre_persona, id_ubicacion, fecha_nac_persona) values (22, 'Codi Krauze', 6, '2024-03-29 12:29:54');
insert into "Personas" (id_persona, nombre_persona, id_ubicacion, fecha_nac_persona) values (23, 'Ursola Gliddon', 43, '2023-12-27 16:24:13');
insert into "Personas" (id_persona, nombre_persona, id_ubicacion, fecha_nac_persona) values (24, 'Pieter Ettles', 65, '2023-09-15 09:03:59');
insert into "Personas" (id_persona, nombre_persona, id_ubicacion, fecha_nac_persona) values (25, 'Alysa Prestland', 4, '2024-07-01 16:56:51');
insert into "Personas" (id_persona, nombre_persona, id_ubicacion, fecha_nac_persona) values (26, 'Sayer Siebert', 87, '2024-04-20 14:34:33');
insert into "Personas" (id_persona, nombre_persona, id_ubicacion, fecha_nac_persona) values (27, 'Cyndi Twiddle', 14, '2024-05-15 08:07:05');
insert into "Personas" (id_persona, nombre_persona, id_ubicacion, fecha_nac_persona) values (28, 'Mahalia Wethered', 1, '2024-04-22 05:21:00');
insert into "Personas" (id_persona, nombre_persona, id_ubicacion, fecha_nac_persona) values (29, 'Chery Tanslie', 97, '2024-04-11 16:00:30');
insert into "Personas" (id_persona, nombre_persona, id_ubicacion, fecha_nac_persona) values (30, 'Brigida Milburne', 89, '2024-05-09 06:51:46');
insert into "Personas" (id_persona, nombre_persona, id_ubicacion, fecha_nac_persona) values (31, 'Oberon Audritt', 13, '2023-10-24 14:40:46');
insert into "Personas" (id_persona, nombre_persona, id_ubicacion, fecha_nac_persona) values (32, 'Yuma Minillo', 86, '2024-01-03 21:01:52');
insert into "Personas" (id_persona, nombre_persona, id_ubicacion, fecha_nac_persona) values (33, 'Kelcey Bukowski', 94, '2024-05-10 08:23:04');
insert into "Personas" (id_persona, nombre_persona, id_ubicacion, fecha_nac_persona) values (34, 'Selma MacNeely', 99, '2024-08-03 22:40:59');
insert into "Personas" (id_persona, nombre_persona, id_ubicacion, fecha_nac_persona) values (35, 'Leshia Jedraszek', 71, '2023-09-06 18:32:19');
insert into "Personas" (id_persona, nombre_persona, id_ubicacion, fecha_nac_persona) values (36, 'Sheryl Berrecloth', 85, '2024-04-14 01:47:44');
insert into "Personas" (id_persona, nombre_persona, id_ubicacion, fecha_nac_persona) values (37, 'Louisette Castellini', 50, '2023-11-20 17:20:47');
insert into "Personas" (id_persona, nombre_persona, id_ubicacion, fecha_nac_persona) values (38, 'Carolee Kulic', 64, '2023-09-21 06:27:57');
insert into "Personas" (id_persona, nombre_persona, id_ubicacion, fecha_nac_persona) values (39, 'Jess Rowbottom', 31, '2023-12-24 10:12:44');
insert into "Personas" (id_persona, nombre_persona, id_ubicacion, fecha_nac_persona) values (40, 'Tully Dowdney', 52, '2024-08-17 18:15:04');
insert into "Personas" (id_persona, nombre_persona, id_ubicacion, fecha_nac_persona) values (41, 'Haily Laundon', 59, '2024-07-25 15:04:02');
insert into "Personas" (id_persona, nombre_persona, id_ubicacion, fecha_nac_persona) values (42, 'Karolina Burdfield', 19, '2024-05-13 00:10:57');
insert into "Personas" (id_persona, nombre_persona, id_ubicacion, fecha_nac_persona) values (43, 'Neely Crim', 56, '2023-11-14 05:04:50');
insert into "Personas" (id_persona, nombre_persona, id_ubicacion, fecha_nac_persona) values (44, 'Luisa Shipley', 53, '2024-07-24 06:09:32');
insert into "Personas" (id_persona, nombre_persona, id_ubicacion, fecha_nac_persona) values (45, 'Don Cymper', 43, '2024-05-08 18:56:45');
insert into "Personas" (id_persona, nombre_persona, id_ubicacion, fecha_nac_persona) values (46, 'Andee Vinau', 40, '2023-10-26 03:29:02');
insert into "Personas" (id_persona, nombre_persona, id_ubicacion, fecha_nac_persona) values (47, 'Kanya Matyatin', 37, '2023-10-19 00:06:24');
insert into "Personas" (id_persona, nombre_persona, id_ubicacion, fecha_nac_persona) values (48, 'Jemmy Amsden', 7, '2024-04-05 15:18:35');
insert into "Personas" (id_persona, nombre_persona, id_ubicacion, fecha_nac_persona) values (49, 'Maurita Sherrell', 54, '2024-08-07 22:07:42');
insert into "Personas" (id_persona, nombre_persona, id_ubicacion, fecha_nac_persona) values (50, 'Raven Micheau', 16, '2024-02-11 06:57:22');
insert into "Personas" (id_persona, nombre_persona, id_ubicacion, fecha_nac_persona) values (51, 'Jamal MacKnockiter', 90, '2023-11-12 14:07:10');
insert into "Personas" (id_persona, nombre_persona, id_ubicacion, fecha_nac_persona) values (52, 'Gwenny Mossop', 22, '2024-08-08 05:48:02');
insert into "Personas" (id_persona, nombre_persona, id_ubicacion, fecha_nac_persona) values (53, 'Golda Ronchetti', 79, '2024-06-05 13:51:06');
insert into "Personas" (id_persona, nombre_persona, id_ubicacion, fecha_nac_persona) values (54, 'Eli Juara', 7, '2024-03-11 17:05:57');
insert into "Personas" (id_persona, nombre_persona, id_ubicacion, fecha_nac_persona) values (55, 'Eugenie Kemball', 64, '2023-10-03 09:42:34');
insert into "Personas" (id_persona, nombre_persona, id_ubicacion, fecha_nac_persona) values (56, 'Spike Normington', 88, '2024-05-10 15:26:42');
insert into "Personas" (id_persona, nombre_persona, id_ubicacion, fecha_nac_persona) values (57, 'Melisent Ledstone', 42, '2024-07-24 02:27:44');
insert into "Personas" (id_persona, nombre_persona, id_ubicacion, fecha_nac_persona) values (58, 'Michaella Shoreson', 25, '2024-02-29 11:11:20');
insert into "Personas" (id_persona, nombre_persona, id_ubicacion, fecha_nac_persona) values (59, 'Melodie Mardy', 28, '2024-05-07 11:15:41');
insert into "Personas" (id_persona, nombre_persona, id_ubicacion, fecha_nac_persona) values (60, 'Leeanne Frawley', 30, '2023-10-29 08:16:04');
insert into "Personas" (id_persona, nombre_persona, id_ubicacion, fecha_nac_persona) values (61, 'Jasmina Shelmerdine', 62, '2024-06-27 10:15:53');
insert into "Personas" (id_persona, nombre_persona, id_ubicacion, fecha_nac_persona) values (62, 'Graig Baskerfield', 73, '2024-01-08 22:32:27');
insert into "Personas" (id_persona, nombre_persona, id_ubicacion, fecha_nac_persona) values (63, 'Ingra Chitty', 47, '2024-04-23 10:09:09');
insert into "Personas" (id_persona, nombre_persona, id_ubicacion, fecha_nac_persona) values (64, 'Nelle Garron', 23, '2024-08-17 03:21:54');
insert into "Personas" (id_persona, nombre_persona, id_ubicacion, fecha_nac_persona) values (65, 'Matthaeus Mailes', 39, '2024-04-26 22:37:49');
insert into "Personas" (id_persona, nombre_persona, id_ubicacion, fecha_nac_persona) values (66, 'Merwyn Buckby', 20, '2023-12-18 02:10:21');
insert into "Personas" (id_persona, nombre_persona, id_ubicacion, fecha_nac_persona) values (67, 'Adan Hedan', 33, '2024-07-01 05:27:52');
insert into "Personas" (id_persona, nombre_persona, id_ubicacion, fecha_nac_persona) values (68, 'Powell Perse', 73, '2024-07-28 16:32:20');
insert into "Personas" (id_persona, nombre_persona, id_ubicacion, fecha_nac_persona) values (69, 'Benedict Spini', 36, '2024-02-05 19:36:31');
insert into "Personas" (id_persona, nombre_persona, id_ubicacion, fecha_nac_persona) values (70, 'Rriocard Gabites', 87, '2024-02-06 11:48:52');
insert into "Personas" (id_persona, nombre_persona, id_ubicacion, fecha_nac_persona) values (71, 'Sibyl Worgen', 14, '2023-12-22 22:45:06');
insert into "Personas" (id_persona, nombre_persona, id_ubicacion, fecha_nac_persona) values (72, 'Damara Baudesson', 17, '2023-09-10 14:31:17');
insert into "Personas" (id_persona, nombre_persona, id_ubicacion, fecha_nac_persona) values (73, 'Dietrich Nunnerley', 19, '2024-07-23 09:25:11');
insert into "Personas" (id_persona, nombre_persona, id_ubicacion, fecha_nac_persona) values (74, 'Lilla Antoons', 25, '2024-08-09 04:18:40');
insert into "Personas" (id_persona, nombre_persona, id_ubicacion, fecha_nac_persona) values (75, 'Laure McGannon', 38, '2024-02-11 03:15:42');
insert into "Personas" (id_persona, nombre_persona, id_ubicacion, fecha_nac_persona) values (76, 'Clair Jennings', 80, '2024-04-01 03:06:58');
insert into "Personas" (id_persona, nombre_persona, id_ubicacion, fecha_nac_persona) values (77, 'Nina Wiggington', 60, '2023-11-15 00:49:14');
insert into "Personas" (id_persona, nombre_persona, id_ubicacion, fecha_nac_persona) values (78, 'Eydie Gerrett', 6, '2024-04-16 01:28:20');
insert into "Personas" (id_persona, nombre_persona, id_ubicacion, fecha_nac_persona) values (79, 'Agnella O''Donnell', 9, '2023-08-29 15:01:59');
insert into "Personas" (id_persona, nombre_persona, id_ubicacion, fecha_nac_persona) values (80, 'Llewellyn McGeady', 45, '2024-05-18 01:23:44');
insert into "Personas" (id_persona, nombre_persona, id_ubicacion, fecha_nac_persona) values (81, 'Harlin Heatly', 56, '2024-01-23 12:21:09');
insert into "Personas" (id_persona, nombre_persona, id_ubicacion, fecha_nac_persona) values (82, 'Kathy Greenroa', 24, '2024-08-07 19:32:12');
insert into "Personas" (id_persona, nombre_persona, id_ubicacion, fecha_nac_persona) values (83, 'Karney Cobb', 83, '2024-05-23 20:05:43');
insert into "Personas" (id_persona, nombre_persona, id_ubicacion, fecha_nac_persona) values (84, 'Gracia McGettigan', 17, '2023-12-25 08:27:07');
insert into "Personas" (id_persona, nombre_persona, id_ubicacion, fecha_nac_persona) values (85, 'Teri Sousa', 57, '2024-07-26 06:32:33');
insert into "Personas" (id_persona, nombre_persona, id_ubicacion, fecha_nac_persona) values (86, 'Lizbeth Cecchi', 70, '2023-11-06 09:56:26');
insert into "Personas" (id_persona, nombre_persona, id_ubicacion, fecha_nac_persona) values (87, 'Conrade Sporton', 74, '2024-02-23 07:06:13');
insert into "Personas" (id_persona, nombre_persona, id_ubicacion, fecha_nac_persona) values (88, 'Phoebe Dimont', 98, '2024-05-18 22:50:26');
insert into "Personas" (id_persona, nombre_persona, id_ubicacion, fecha_nac_persona) values (89, 'Zuzana Vasilischev', 25, '2024-06-03 14:36:57');
insert into "Personas" (id_persona, nombre_persona, id_ubicacion, fecha_nac_persona) values (90, 'Andria Gorrissen', 30, '2023-12-04 12:59:45');
insert into "Personas" (id_persona, nombre_persona, id_ubicacion, fecha_nac_persona) values (91, 'Wade Klein', 77, '2024-04-17 00:32:45');
insert into "Personas" (id_persona, nombre_persona, id_ubicacion, fecha_nac_persona) values (92, 'Noel Chastenet', 36, '2024-01-15 12:43:55');
insert into "Personas" (id_persona, nombre_persona, id_ubicacion, fecha_nac_persona) values (93, 'Dani Baldazzi', 81, '2024-07-13 03:47:15');
insert into "Personas" (id_persona, nombre_persona, id_ubicacion, fecha_nac_persona) values (94, 'Chrissie Gouldstraw', 79, '2023-08-30 14:20:55');
insert into "Personas" (id_persona, nombre_persona, id_ubicacion, fecha_nac_persona) values (95, 'Rufus Wolver', 95, '2023-12-06 20:33:13');
insert into "Personas" (id_persona, nombre_persona, id_ubicacion, fecha_nac_persona) values (96, 'Callean Lintot', 96, '2024-04-18 15:54:25');
insert into "Personas" (id_persona, nombre_persona, id_ubicacion, fecha_nac_persona) values (97, 'Amandi Izachik', 90, '2024-02-24 22:01:07');
insert into "Personas" (id_persona, nombre_persona, id_ubicacion, fecha_nac_persona) values (98, 'Nora Leere', 94, '2024-01-04 02:55:57');
insert into "Personas" (id_persona, nombre_persona, id_ubicacion, fecha_nac_persona) values (99, 'Kandace Barwack', 88, '2024-05-15 01:17:03');
insert into "Personas" (id_persona, nombre_persona, id_ubicacion, fecha_nac_persona) values (100, 'Sidney Gawkes', 4, '2023-11-22 19:48:29');
insert into "Personas" (id_persona, nombre_persona, id_ubicacion, fecha_nac_persona) values (101, 'Nessi Penritt', 8, '2024-05-22 23:23:23');
insert into "Personas" (id_persona, nombre_persona, id_ubicacion, fecha_nac_persona) values (102, 'Mercie McGaugey', 35, '2023-11-10 03:48:01');
insert into "Personas" (id_persona, nombre_persona, id_ubicacion, fecha_nac_persona) values (103, 'Corene Reuven', 4, '2024-02-29 14:06:24');
insert into "Personas" (id_persona, nombre_persona, id_ubicacion, fecha_nac_persona) values (104, 'Nicolas Dulanty', 10, '2023-12-07 02:10:57');
insert into "Personas" (id_persona, nombre_persona, id_ubicacion, fecha_nac_persona) values (105, 'Karola Selkirk', 34, '2024-04-01 07:39:17');
insert into "Personas" (id_persona, nombre_persona, id_ubicacion, fecha_nac_persona) values (106, 'Olive Furnell', 29, '2023-12-26 08:59:43');
insert into "Personas" (id_persona, nombre_persona, id_ubicacion, fecha_nac_persona) values (107, 'Felipe Reede', 27, '2024-06-04 18:34:49');
insert into "Personas" (id_persona, nombre_persona, id_ubicacion, fecha_nac_persona) values (108, 'Anneliese Lassetter', 30, '2024-05-20 12:10:38');
insert into "Personas" (id_persona, nombre_persona, id_ubicacion, fecha_nac_persona) values (109, 'Sebastien McQuirk', 6, '2024-07-22 15:01:29');
insert into "Personas" (id_persona, nombre_persona, id_ubicacion, fecha_nac_persona) values (110, 'Mikol Kittredge', 28, '2024-04-05 13:55:16');
insert into "Personas" (id_persona, nombre_persona, id_ubicacion, fecha_nac_persona) values (111, 'Tull Bannister', 7, '2023-09-23 12:30:56');
insert into "Personas" (id_persona, nombre_persona, id_ubicacion, fecha_nac_persona) values (112, 'Alic Cobain', 3, '2023-12-13 01:53:56');
insert into "Personas" (id_persona, nombre_persona, id_ubicacion, fecha_nac_persona) values (113, 'Letty Leither', 84, '2024-03-02 02:44:45');
insert into "Personas" (id_persona, nombre_persona, id_ubicacion, fecha_nac_persona) values (114, 'Mervin Cabral', 93, '2023-11-07 10:59:44');
insert into "Personas" (id_persona, nombre_persona, id_ubicacion, fecha_nac_persona) values (115, 'Feodora Paton', 74, '2024-08-22 12:15:20');
insert into "Personas" (id_persona, nombre_persona, id_ubicacion, fecha_nac_persona) values (116, 'Heall MacAvaddy', 35, '2023-12-08 07:13:37');
insert into "Personas" (id_persona, nombre_persona, id_ubicacion, fecha_nac_persona) values (117, 'Sandy Purkis', 27, '2024-04-19 18:17:06');
insert into "Personas" (id_persona, nombre_persona, id_ubicacion, fecha_nac_persona) values (118, 'Trudie Daice', 71, '2023-11-05 13:38:58');
insert into "Personas" (id_persona, nombre_persona, id_ubicacion, fecha_nac_persona) values (119, 'Giffy Rein', 48, '2024-01-02 17:11:32');
insert into "Personas" (id_persona, nombre_persona, id_ubicacion, fecha_nac_persona) values (120, 'Kearney Urwen', 22, '2024-07-05 14:56:30');
insert into "Personas" (id_persona, nombre_persona, id_ubicacion, fecha_nac_persona) values (121, 'Dalila Eales', 96, '2023-09-14 04:21:56');
insert into "Personas" (id_persona, nombre_persona, id_ubicacion, fecha_nac_persona) values (122, 'Mariya Blackden', 31, '2023-10-21 14:25:07');
insert into "Personas" (id_persona, nombre_persona, id_ubicacion, fecha_nac_persona) values (123, 'Cami Kidstoun', 75, '2024-03-28 04:08:58');
insert into "Personas" (id_persona, nombre_persona, id_ubicacion, fecha_nac_persona) values (124, 'Kalinda Skoggins', 52, '2023-12-20 11:19:32');
insert into "Personas" (id_persona, nombre_persona, id_ubicacion, fecha_nac_persona) values (125, 'Lilla Mation', 64, '2024-04-16 19:39:26');
insert into "Personas" (id_persona, nombre_persona, id_ubicacion, fecha_nac_persona) values (126, 'Pavia Romaynes', 71, '2024-06-02 09:05:30');
insert into "Personas" (id_persona, nombre_persona, id_ubicacion, fecha_nac_persona) values (127, 'Ellette Cheavin', 79, '2024-07-21 18:37:52');
insert into "Personas" (id_persona, nombre_persona, id_ubicacion, fecha_nac_persona) values (128, 'Yanaton MacDermand', 27, '2024-04-07 11:31:06');
insert into "Personas" (id_persona, nombre_persona, id_ubicacion, fecha_nac_persona) values (129, 'Kelley Guislin', 42, '2024-06-06 09:36:12');
insert into "Personas" (id_persona, nombre_persona, id_ubicacion, fecha_nac_persona) values (130, 'Keenan Bartlam', 26, '2024-05-10 23:54:20');
insert into "Personas" (id_persona, nombre_persona, id_ubicacion, fecha_nac_persona) values (131, 'Sasha Stillmann', 37, '2024-03-03 11:34:47');
insert into "Personas" (id_persona, nombre_persona, id_ubicacion, fecha_nac_persona) values (132, 'Tarrah Meth', 39, '2024-08-21 15:41:20');
insert into "Personas" (id_persona, nombre_persona, id_ubicacion, fecha_nac_persona) values (133, 'Eb Gull', 8, '2024-02-18 08:21:46');
insert into "Personas" (id_persona, nombre_persona, id_ubicacion, fecha_nac_persona) values (134, 'Morgan Kembley', 7, '2023-09-26 22:53:16');
insert into "Personas" (id_persona, nombre_persona, id_ubicacion, fecha_nac_persona) values (135, 'Emmanuel Signore', 28, '2024-08-04 09:57:29');
insert into "Personas" (id_persona, nombre_persona, id_ubicacion, fecha_nac_persona) values (136, 'Glenna Etherington', 78, '2024-06-13 09:23:12');
insert into "Personas" (id_persona, nombre_persona, id_ubicacion, fecha_nac_persona) values (137, 'Mureil Frome', 91, '2024-02-04 05:17:50');
insert into "Personas" (id_persona, nombre_persona, id_ubicacion, fecha_nac_persona) values (138, 'Emiline Harcase', 6, '2024-03-16 20:35:59');
insert into "Personas" (id_persona, nombre_persona, id_ubicacion, fecha_nac_persona) values (139, 'Rodina Silvers', 20, '2024-06-15 16:32:51');
insert into "Personas" (id_persona, nombre_persona, id_ubicacion, fecha_nac_persona) values (140, 'Chane Bezley', 15, '2023-12-05 06:13:46');
insert into "Personas" (id_persona, nombre_persona, id_ubicacion, fecha_nac_persona) values (141, 'Gilles Jizhaki', 66, '2023-11-04 01:16:16');
insert into "Personas" (id_persona, nombre_persona, id_ubicacion, fecha_nac_persona) values (142, 'Polly Jakubczyk', 60, '2023-10-20 23:11:02');
insert into "Personas" (id_persona, nombre_persona, id_ubicacion, fecha_nac_persona) values (143, 'Zenia Piesold', 32, '2024-01-23 11:04:13');
insert into "Personas" (id_persona, nombre_persona, id_ubicacion, fecha_nac_persona) values (144, 'Merl Morde', 3, '2024-04-24 02:25:38');
insert into "Personas" (id_persona, nombre_persona, id_ubicacion, fecha_nac_persona) values (145, 'Lesya Shugg', 36, '2023-09-20 23:55:39');
insert into "Personas" (id_persona, nombre_persona, id_ubicacion, fecha_nac_persona) values (146, 'Lester Girdlestone', 79, '2024-03-23 10:42:01');
insert into "Personas" (id_persona, nombre_persona, id_ubicacion, fecha_nac_persona) values (147, 'Evvie Abreheart', 1, '2023-10-24 20:45:47');
insert into "Personas" (id_persona, nombre_persona, id_ubicacion, fecha_nac_persona) values (148, 'Darrelle Durtnel', 69, '2024-01-09 17:14:07');
insert into "Personas" (id_persona, nombre_persona, id_ubicacion, fecha_nac_persona) values (149, 'Kristi Ruthen', 3, '2024-03-22 01:10:09');
insert into "Personas" (id_persona, nombre_persona, id_ubicacion, fecha_nac_persona) values (150, 'Jeniece Christou', 20, '2023-08-28 21:22:09');
insert into "Personas" (id_persona, nombre_persona, id_ubicacion, fecha_nac_persona) values (151, 'Maire Pinkerton', 94, '2024-08-02 01:33:22');
insert into "Personas" (id_persona, nombre_persona, id_ubicacion, fecha_nac_persona) values (152, 'Miguela MacSherry', 86, '2023-12-18 13:40:00');
insert into "Personas" (id_persona, nombre_persona, id_ubicacion, fecha_nac_persona) values (153, 'Callie Drillingcourt', 46, '2024-08-21 18:31:41');
insert into "Personas" (id_persona, nombre_persona, id_ubicacion, fecha_nac_persona) values (154, 'Wilmer Chatain', 39, '2023-12-07 09:10:36');
insert into "Personas" (id_persona, nombre_persona, id_ubicacion, fecha_nac_persona) values (155, 'Kattie Houldcroft', 73, '2024-04-01 04:10:46');
insert into "Personas" (id_persona, nombre_persona, id_ubicacion, fecha_nac_persona) values (156, 'Dinnie Bickerdike', 68, '2024-05-09 14:49:24');
insert into "Personas" (id_persona, nombre_persona, id_ubicacion, fecha_nac_persona) values (157, 'Benjamen Condy', 20, '2024-07-01 11:34:54');
insert into "Personas" (id_persona, nombre_persona, id_ubicacion, fecha_nac_persona) values (158, 'Colman Rosenqvist', 90, '2023-10-04 00:14:06');
insert into "Personas" (id_persona, nombre_persona, id_ubicacion, fecha_nac_persona) values (159, 'Gregor Haszard', 14, '2024-02-08 00:40:01');
insert into "Personas" (id_persona, nombre_persona, id_ubicacion, fecha_nac_persona) values (160, 'Ilene Grimley', 94, '2024-01-01 21:28:12');
insert into "Personas" (id_persona, nombre_persona, id_ubicacion, fecha_nac_persona) values (161, 'Izak Volke', 28, '2024-03-19 12:03:02');
insert into "Personas" (id_persona, nombre_persona, id_ubicacion, fecha_nac_persona) values (162, 'Cherry Challener', 1, '2024-08-23 20:47:04');
insert into "Personas" (id_persona, nombre_persona, id_ubicacion, fecha_nac_persona) values (163, 'Ed McFarlan', 77, '2024-01-29 01:52:06');
insert into "Personas" (id_persona, nombre_persona, id_ubicacion, fecha_nac_persona) values (164, 'Reynolds Leaman', 48, '2023-10-24 21:01:02');
insert into "Personas" (id_persona, nombre_persona, id_ubicacion, fecha_nac_persona) values (165, 'Hasty McRitchie', 27, '2023-12-08 10:24:27');
insert into "Personas" (id_persona, nombre_persona, id_ubicacion, fecha_nac_persona) values (166, 'Randell Pepys', 57, '2023-11-12 14:19:46');
insert into "Personas" (id_persona, nombre_persona, id_ubicacion, fecha_nac_persona) values (167, 'Benoit Cortin', 10, '2023-11-03 09:18:34');
insert into "Personas" (id_persona, nombre_persona, id_ubicacion, fecha_nac_persona) values (168, 'Melissa Senechell', 69, '2023-12-12 21:38:37');
insert into "Personas" (id_persona, nombre_persona, id_ubicacion, fecha_nac_persona) values (169, 'Gabriel De la Perrelle', 58, '2024-01-22 13:04:38');
insert into "Personas" (id_persona, nombre_persona, id_ubicacion, fecha_nac_persona) values (170, 'Bettina Danaher', 64, '2024-08-09 18:36:49');
insert into "Personas" (id_persona, nombre_persona, id_ubicacion, fecha_nac_persona) values (171, 'Stormy De Mico', 6, '2024-08-15 16:19:24');
insert into "Personas" (id_persona, nombre_persona, id_ubicacion, fecha_nac_persona) values (172, 'Basilius Ainslie', 44, '2023-09-22 17:47:09');
insert into "Personas" (id_persona, nombre_persona, id_ubicacion, fecha_nac_persona) values (173, 'Alane Kubal', 33, '2024-07-31 19:02:14');
insert into "Personas" (id_persona, nombre_persona, id_ubicacion, fecha_nac_persona) values (174, 'Franky Jermey', 69, '2024-06-26 06:23:52');
insert into "Personas" (id_persona, nombre_persona, id_ubicacion, fecha_nac_persona) values (175, 'Rollo Waghorn', 37, '2024-03-21 12:26:59');
insert into "Personas" (id_persona, nombre_persona, id_ubicacion, fecha_nac_persona) values (176, 'Marlane Sawley', 64, '2023-10-06 19:23:57');
insert into "Personas" (id_persona, nombre_persona, id_ubicacion, fecha_nac_persona) values (177, 'Deb Iskow', 41, '2024-04-17 19:07:50');
insert into "Personas" (id_persona, nombre_persona, id_ubicacion, fecha_nac_persona) values (178, 'Fay Clynmans', 90, '2024-06-12 22:52:49');
insert into "Personas" (id_persona, nombre_persona, id_ubicacion, fecha_nac_persona) values (179, 'Parry Thirkettle', 16, '2024-01-13 08:43:28');
insert into "Personas" (id_persona, nombre_persona, id_ubicacion, fecha_nac_persona) values (180, 'Odo Dyshart', 8, '2023-11-23 07:08:12');
insert into "Personas" (id_persona, nombre_persona, id_ubicacion, fecha_nac_persona) values (181, 'Osgood Gosforth', 47, '2024-04-27 11:34:36');
insert into "Personas" (id_persona, nombre_persona, id_ubicacion, fecha_nac_persona) values (182, 'Ingelbert Kirvell', 86, '2024-03-31 11:35:25');
insert into "Personas" (id_persona, nombre_persona, id_ubicacion, fecha_nac_persona) values (183, 'Verina Cartmel', 59, '2023-09-16 12:58:08');
insert into "Personas" (id_persona, nombre_persona, id_ubicacion, fecha_nac_persona) values (184, 'Ichabod Ilett', 37, '2023-11-12 08:40:44');
insert into "Personas" (id_persona, nombre_persona, id_ubicacion, fecha_nac_persona) values (185, 'Lorena Crilley', 60, '2024-02-29 16:25:56');
insert into "Personas" (id_persona, nombre_persona, id_ubicacion, fecha_nac_persona) values (186, 'Essa Alecock', 8, '2024-05-19 05:43:07');
insert into "Personas" (id_persona, nombre_persona, id_ubicacion, fecha_nac_persona) values (187, 'Claude Leguey', 66, '2024-02-26 09:28:10');
insert into "Personas" (id_persona, nombre_persona, id_ubicacion, fecha_nac_persona) values (188, 'Vivi Bromage', 74, '2024-04-07 10:29:35');
insert into "Personas" (id_persona, nombre_persona, id_ubicacion, fecha_nac_persona) values (189, 'Hilda Swatten', 92, '2024-05-14 01:06:59');
insert into "Personas" (id_persona, nombre_persona, id_ubicacion, fecha_nac_persona) values (190, 'Avie Eefting', 46, '2024-08-20 05:06:13');
insert into "Personas" (id_persona, nombre_persona, id_ubicacion, fecha_nac_persona) values (191, 'Nelli Canwell', 6, '2024-07-25 21:12:18');
insert into "Personas" (id_persona, nombre_persona, id_ubicacion, fecha_nac_persona) values (192, 'Joey Quemby', 53, '2023-12-07 22:39:15');
insert into "Personas" (id_persona, nombre_persona, id_ubicacion, fecha_nac_persona) values (193, 'Reidar Escala', 87, '2023-10-07 14:59:36');
insert into "Personas" (id_persona, nombre_persona, id_ubicacion, fecha_nac_persona) values (194, 'Rollins Ottewill', 93, '2024-01-02 05:42:36');
insert into "Personas" (id_persona, nombre_persona, id_ubicacion, fecha_nac_persona) values (195, 'Elfreda Bednall', 6, '2024-07-13 23:38:13');
insert into "Personas" (id_persona, nombre_persona, id_ubicacion, fecha_nac_persona) values (196, 'Lyndsie Blakes', 92, '2024-05-19 20:35:37');
insert into "Personas" (id_persona, nombre_persona, id_ubicacion, fecha_nac_persona) values (197, 'Ahmed Mellonby', 21, '2023-12-23 04:41:58');
insert into "Personas" (id_persona, nombre_persona, id_ubicacion, fecha_nac_persona) values (198, 'Hedy Draisey', 76, '2024-04-05 16:56:29');
insert into "Personas" (id_persona, nombre_persona, id_ubicacion, fecha_nac_persona) values (199, 'Mel Larway', 18, '2024-04-24 14:24:22');
insert into "Personas" (id_persona, nombre_persona, id_ubicacion, fecha_nac_persona) values (200, 'Rivi Kiehne', 84, '2023-10-11 12:02:33');


insert into "Clientes" (id_persona) values (1);
insert into "Clientes" (id_persona) values (2);
insert into "Clientes" (id_persona) values (3);
insert into "Clientes" (id_persona) values (4);
insert into "Clientes" (id_persona) values (5);
insert into "Clientes" (id_persona) values (6);
insert into "Clientes" (id_persona) values (7);
insert into "Clientes" (id_persona) values (8);
insert into "Clientes" (id_persona) values (9);
insert into "Clientes" (id_persona) values (10);
insert into "Clientes" (id_persona) values (11);
insert into "Clientes" (id_persona) values (12);
insert into "Clientes" (id_persona) values (13);
insert into "Clientes" (id_persona) values (14);
insert into "Clientes" (id_persona) values (15);
insert into "Clientes" (id_persona) values (16);
insert into "Clientes" (id_persona) values (17);
insert into "Clientes" (id_persona) values (18);
insert into "Clientes" (id_persona) values (19);
insert into "Clientes" (id_persona) values (20);
insert into "Clientes" (id_persona) values (21);
insert into "Clientes" (id_persona) values (22);
insert into "Clientes" (id_persona) values (23);
insert into "Clientes" (id_persona) values (24);
insert into "Clientes" (id_persona) values (25);
insert into "Clientes" (id_persona) values (26);
insert into "Clientes" (id_persona) values (27);
insert into "Clientes" (id_persona) values (28);
insert into "Clientes" (id_persona) values (29);
insert into "Clientes" (id_persona) values (30);
insert into "Clientes" (id_persona) values (31);
insert into "Clientes" (id_persona) values (32);
insert into "Clientes" (id_persona) values (33);
insert into "Clientes" (id_persona) values (34);
insert into "Clientes" (id_persona) values (35);
insert into "Clientes" (id_persona) values (36);
insert into "Clientes" (id_persona) values (37);
insert into "Clientes" (id_persona) values (38);
insert into "Clientes" (id_persona) values (39);
insert into "Clientes" (id_persona) values (40);
insert into "Clientes" (id_persona) values (41);
insert into "Clientes" (id_persona) values (42);
insert into "Clientes" (id_persona) values (43);
insert into "Clientes" (id_persona) values (44);
insert into "Clientes" (id_persona) values (45);
insert into "Clientes" (id_persona) values (46);
insert into "Clientes" (id_persona) values (47);
insert into "Clientes" (id_persona) values (48);
insert into "Clientes" (id_persona) values (49);
insert into "Clientes" (id_persona) values (50);
insert into "Clientes" (id_persona) values (51);
insert into "Clientes" (id_persona) values (52);
insert into "Clientes" (id_persona) values (53);
insert into "Clientes" (id_persona) values (54);
insert into "Clientes" (id_persona) values (55);
insert into "Clientes" (id_persona) values (56);
insert into "Clientes" (id_persona) values (57);
insert into "Clientes" (id_persona) values (58);
insert into "Clientes" (id_persona) values (59);
insert into "Clientes" (id_persona) values (60);
insert into "Clientes" (id_persona) values (61);
insert into "Clientes" (id_persona) values (62);
insert into "Clientes" (id_persona) values (63);
insert into "Clientes" (id_persona) values (64);
insert into "Clientes" (id_persona) values (65);
insert into "Clientes" (id_persona) values (66);
insert into "Clientes" (id_persona) values (67);
insert into "Clientes" (id_persona) values (68);
insert into "Clientes" (id_persona) values (69);
insert into "Clientes" (id_persona) values (70);
insert into "Clientes" (id_persona) values (71);
insert into "Clientes" (id_persona) values (72);
insert into "Clientes" (id_persona) values (73);
insert into "Clientes" (id_persona) values (74);
insert into "Clientes" (id_persona) values (75);
insert into "Clientes" (id_persona) values (76);
insert into "Clientes" (id_persona) values (77);
insert into "Clientes" (id_persona) values (78);
insert into "Clientes" (id_persona) values (79);
insert into "Clientes" (id_persona) values (80);
insert into "Clientes" (id_persona) values (81);
insert into "Clientes" (id_persona) values (82);
insert into "Clientes" (id_persona) values (83);
insert into "Clientes" (id_persona) values (84);
insert into "Clientes" (id_persona) values (85);
insert into "Clientes" (id_persona) values (86);
insert into "Clientes" (id_persona) values (87);
insert into "Clientes" (id_persona) values (88);
insert into "Clientes" (id_persona) values (89);
insert into "Clientes" (id_persona) values (90);
insert into "Clientes" (id_persona) values (91);
insert into "Clientes" (id_persona) values (92);
insert into "Clientes" (id_persona) values (93);
insert into "Clientes" (id_persona) values (94);
insert into "Clientes" (id_persona) values (95);
insert into "Clientes" (id_persona) values (96);
insert into "Clientes" (id_persona) values (97);
insert into "Clientes" (id_persona) values (98);
insert into "Clientes" (id_persona) values (99);
insert into "Clientes" (id_persona) values (100);

insert into "Reservaciones" (id_reservacion, id_cliente, id_silla, id_horario, precio) values (1, 77, 74, 96, '$222.59');
insert into "Reservaciones" (id_reservacion, id_cliente, id_silla, id_horario, precio) values (2, 25, 99, 64, '$164.02');
insert into "Reservaciones" (id_reservacion, id_cliente, id_silla, id_horario, precio) values (3, 100, 87, 70, '$205.38');
insert into "Reservaciones" (id_reservacion, id_cliente, id_silla, id_horario, precio) values (4, 73, 71, 3, '$286.29');
insert into "Reservaciones" (id_reservacion, id_cliente, id_silla, id_horario, precio) values (5, 92, 64, 68, '$294.63');
insert into "Reservaciones" (id_reservacion, id_cliente, id_silla, id_horario, precio) values (6, 41, 64, 77, '$260.96');
insert into "Reservaciones" (id_reservacion, id_cliente, id_silla, id_horario, precio) values (7, 49, 27, 62, '$154.40');
insert into "Reservaciones" (id_reservacion, id_cliente, id_silla, id_horario, precio) values (8, 12, 4, 60, '$137.95');
insert into "Reservaciones" (id_reservacion, id_cliente, id_silla, id_horario, precio) values (9, 92, 1, 66, '$119.45');
insert into "Reservaciones" (id_reservacion, id_cliente, id_silla, id_horario, precio) values (10, 67, 12, 18, '$251.82');
insert into "Reservaciones" (id_reservacion, id_cliente, id_silla, id_horario, precio) values (11, 77, 71, 79, '$299.94');
insert into "Reservaciones" (id_reservacion, id_cliente, id_silla, id_horario, precio) values (12, 1, 53, 57, '$254.16');
insert into "Reservaciones" (id_reservacion, id_cliente, id_silla, id_horario, precio) values (13, 73, 42, 34, '$174.50');
insert into "Reservaciones" (id_reservacion, id_cliente, id_silla, id_horario, precio) values (14, 8, 50, 56, '$171.34');
insert into "Reservaciones" (id_reservacion, id_cliente, id_silla, id_horario, precio) values (15, 6, 79, 14, '$245.28');
insert into "Reservaciones" (id_reservacion, id_cliente, id_silla, id_horario, precio) values (16, 61, 7, 13, '$100.99');
insert into "Reservaciones" (id_reservacion, id_cliente, id_silla, id_horario, precio) values (17, 49, 58, 33, '$272.98');
insert into "Reservaciones" (id_reservacion, id_cliente, id_silla, id_horario, precio) values (18, 15, 29, 64, '$102.77');
insert into "Reservaciones" (id_reservacion, id_cliente, id_silla, id_horario, precio) values (19, 79, 58, 94, '$208.73');
insert into "Reservaciones" (id_reservacion, id_cliente, id_silla, id_horario, precio) values (20, 17, 89, 85, '$202.50');
insert into "Reservaciones" (id_reservacion, id_cliente, id_silla, id_horario, precio) values (21, 61, 82, 95, '$214.14');
insert into "Reservaciones" (id_reservacion, id_cliente, id_silla, id_horario, precio) values (22, 87, 37, 48, '$127.73');
insert into "Reservaciones" (id_reservacion, id_cliente, id_silla, id_horario, precio) values (23, 19, 23, 4, '$255.87');
insert into "Reservaciones" (id_reservacion, id_cliente, id_silla, id_horario, precio) values (24, 27, 74, 39, '$216.70');
insert into "Reservaciones" (id_reservacion, id_cliente, id_silla, id_horario, precio) values (25, 63, 9, 89, '$105.69');
insert into "Reservaciones" (id_reservacion, id_cliente, id_silla, id_horario, precio) values (26, 60, 61, 23, '$118.06');
insert into "Reservaciones" (id_reservacion, id_cliente, id_silla, id_horario, precio) values (27, 51, 75, 15, '$271.14');
insert into "Reservaciones" (id_reservacion, id_cliente, id_silla, id_horario, precio) values (28, 85, 97, 59, '$291.77');
insert into "Reservaciones" (id_reservacion, id_cliente, id_silla, id_horario, precio) values (29, 21, 23, 36, '$210.49');
insert into "Reservaciones" (id_reservacion, id_cliente, id_silla, id_horario, precio) values (30, 36, 86, 65, '$116.84');
insert into "Reservaciones" (id_reservacion, id_cliente, id_silla, id_horario, precio) values (31, 35, 69, 94, '$185.41');
insert into "Reservaciones" (id_reservacion, id_cliente, id_silla, id_horario, precio) values (32, 55, 8, 14, '$254.32');
insert into "Reservaciones" (id_reservacion, id_cliente, id_silla, id_horario, precio) values (33, 98, 87, 86, '$164.57');
insert into "Reservaciones" (id_reservacion, id_cliente, id_silla, id_horario, precio) values (34, 6, 15, 66, '$197.25');
insert into "Reservaciones" (id_reservacion, id_cliente, id_silla, id_horario, precio) values (35, 35, 98, 41, '$175.31');
insert into "Reservaciones" (id_reservacion, id_cliente, id_silla, id_horario, precio) values (36, 96, 41, 57, '$256.51');
insert into "Reservaciones" (id_reservacion, id_cliente, id_silla, id_horario, precio) values (37, 19, 84, 52, '$204.90');
insert into "Reservaciones" (id_reservacion, id_cliente, id_silla, id_horario, precio) values (38, 41, 25, 78, '$185.52');
insert into "Reservaciones" (id_reservacion, id_cliente, id_silla, id_horario, precio) values (39, 56, 20, 82, '$108.18');
insert into "Reservaciones" (id_reservacion, id_cliente, id_silla, id_horario, precio) values (40, 7, 8, 86, '$111.59');
insert into "Reservaciones" (id_reservacion, id_cliente, id_silla, id_horario, precio) values (41, 13, 21, 25, '$122.48');
insert into "Reservaciones" (id_reservacion, id_cliente, id_silla, id_horario, precio) values (42, 57, 90, 19, '$259.29');
insert into "Reservaciones" (id_reservacion, id_cliente, id_silla, id_horario, precio) values (43, 4, 3, 5, '$255.58');
insert into "Reservaciones" (id_reservacion, id_cliente, id_silla, id_horario, precio) values (44, 17, 74, 59, '$256.46');
insert into "Reservaciones" (id_reservacion, id_cliente, id_silla, id_horario, precio) values (45, 29, 95, 39, '$157.18');
insert into "Reservaciones" (id_reservacion, id_cliente, id_silla, id_horario, precio) values (46, 35, 26, 59, '$122.83');
insert into "Reservaciones" (id_reservacion, id_cliente, id_silla, id_horario, precio) values (47, 75, 8, 82, '$112.86');
insert into "Reservaciones" (id_reservacion, id_cliente, id_silla, id_horario, precio) values (48, 51, 35, 9, '$121.76');
insert into "Reservaciones" (id_reservacion, id_cliente, id_silla, id_horario, precio) values (49, 73, 77, 17, '$195.35');
insert into "Reservaciones" (id_reservacion, id_cliente, id_silla, id_horario, precio) values (50, 54, 61, 84, '$120.42');
insert into "Reservaciones" (id_reservacion, id_cliente, id_silla, id_horario, precio) values (51, 70, 48, 81, '$204.26');
insert into "Reservaciones" (id_reservacion, id_cliente, id_silla, id_horario, precio) values (52, 75, 90, 68, '$244.18');
insert into "Reservaciones" (id_reservacion, id_cliente, id_silla, id_horario, precio) values (53, 52, 7, 33, '$166.46');
insert into "Reservaciones" (id_reservacion, id_cliente, id_silla, id_horario, precio) values (54, 14, 61, 89, '$250.42');
insert into "Reservaciones" (id_reservacion, id_cliente, id_silla, id_horario, precio) values (55, 57, 54, 47, '$265.49');
insert into "Reservaciones" (id_reservacion, id_cliente, id_silla, id_horario, precio) values (56, 51, 55, 7, '$201.80');
insert into "Reservaciones" (id_reservacion, id_cliente, id_silla, id_horario, precio) values (57, 75, 21, 12, '$250.28');
insert into "Reservaciones" (id_reservacion, id_cliente, id_silla, id_horario, precio) values (58, 50, 92, 91, '$252.92');
insert into "Reservaciones" (id_reservacion, id_cliente, id_silla, id_horario, precio) values (59, 13, 69, 26, '$249.07');
insert into "Reservaciones" (id_reservacion, id_cliente, id_silla, id_horario, precio) values (60, 74, 50, 80, '$154.70');
insert into "Reservaciones" (id_reservacion, id_cliente, id_silla, id_horario, precio) values (61, 73, 17, 80, '$142.80');
insert into "Reservaciones" (id_reservacion, id_cliente, id_silla, id_horario, precio) values (62, 53, 10, 97, '$144.19');
insert into "Reservaciones" (id_reservacion, id_cliente, id_silla, id_horario, precio) values (63, 21, 16, 34, '$293.42');
insert into "Reservaciones" (id_reservacion, id_cliente, id_silla, id_horario, precio) values (64, 97, 96, 33, '$212.19');
insert into "Reservaciones" (id_reservacion, id_cliente, id_silla, id_horario, precio) values (65, 97, 11, 50, '$263.10');
insert into "Reservaciones" (id_reservacion, id_cliente, id_silla, id_horario, precio) values (66, 5, 90, 74, '$278.28');
insert into "Reservaciones" (id_reservacion, id_cliente, id_silla, id_horario, precio) values (67, 73, 72, 9, '$266.39');
insert into "Reservaciones" (id_reservacion, id_cliente, id_silla, id_horario, precio) values (68, 28, 67, 99, '$133.52');
insert into "Reservaciones" (id_reservacion, id_cliente, id_silla, id_horario, precio) values (69, 52, 17, 3, '$262.17');
insert into "Reservaciones" (id_reservacion, id_cliente, id_silla, id_horario, precio) values (70, 12, 70, 60, '$147.05');
insert into "Reservaciones" (id_reservacion, id_cliente, id_silla, id_horario, precio) values (71, 70, 96, 81, '$225.98');
insert into "Reservaciones" (id_reservacion, id_cliente, id_silla, id_horario, precio) values (72, 65, 48, 95, '$232.47');
insert into "Reservaciones" (id_reservacion, id_cliente, id_silla, id_horario, precio) values (73, 31, 8, 11, '$214.43');
insert into "Reservaciones" (id_reservacion, id_cliente, id_silla, id_horario, precio) values (74, 64, 4, 79, '$203.68');
insert into "Reservaciones" (id_reservacion, id_cliente, id_silla, id_horario, precio) values (75, 44, 22, 15, '$254.13');
insert into "Reservaciones" (id_reservacion, id_cliente, id_silla, id_horario, precio) values (76, 81, 35, 21, '$137.02');
insert into "Reservaciones" (id_reservacion, id_cliente, id_silla, id_horario, precio) values (77, 54, 51, 3, '$275.47');
insert into "Reservaciones" (id_reservacion, id_cliente, id_silla, id_horario, precio) values (78, 13, 6, 42, '$293.73');
insert into "Reservaciones" (id_reservacion, id_cliente, id_silla, id_horario, precio) values (79, 88, 94, 74, '$139.02');
insert into "Reservaciones" (id_reservacion, id_cliente, id_silla, id_horario, precio) values (80, 54, 95, 8, '$229.64');
insert into "Reservaciones" (id_reservacion, id_cliente, id_silla, id_horario, precio) values (81, 65, 3, 60, '$133.09');
insert into "Reservaciones" (id_reservacion, id_cliente, id_silla, id_horario, precio) values (82, 12, 87, 94, '$187.98');
insert into "Reservaciones" (id_reservacion, id_cliente, id_silla, id_horario, precio) values (83, 46, 32, 34, '$100.63');
insert into "Reservaciones" (id_reservacion, id_cliente, id_silla, id_horario, precio) values (84, 51, 95, 21, '$185.78');
insert into "Reservaciones" (id_reservacion, id_cliente, id_silla, id_horario, precio) values (85, 18, 54, 78, '$140.99');
insert into "Reservaciones" (id_reservacion, id_cliente, id_silla, id_horario, precio) values (86, 42, 45, 97, '$150.46');
insert into "Reservaciones" (id_reservacion, id_cliente, id_silla, id_horario, precio) values (87, 32, 6, 4, '$276.20');
insert into "Reservaciones" (id_reservacion, id_cliente, id_silla, id_horario, precio) values (88, 62, 48, 71, '$174.24');
insert into "Reservaciones" (id_reservacion, id_cliente, id_silla, id_horario, precio) values (89, 44, 52, 26, '$234.35');
insert into "Reservaciones" (id_reservacion, id_cliente, id_silla, id_horario, precio) values (90, 15, 26, 77, '$101.84');
insert into "Reservaciones" (id_reservacion, id_cliente, id_silla, id_horario, precio) values (91, 83, 67, 58, '$211.64');
insert into "Reservaciones" (id_reservacion, id_cliente, id_silla, id_horario, precio) values (92, 12, 80, 27, '$127.57');
insert into "Reservaciones" (id_reservacion, id_cliente, id_silla, id_horario, precio) values (93, 70, 87, 72, '$239.23');
insert into "Reservaciones" (id_reservacion, id_cliente, id_silla, id_horario, precio) values (94, 38, 32, 43, '$201.98');
insert into "Reservaciones" (id_reservacion, id_cliente, id_silla, id_horario, precio) values (95, 65, 31, 36, '$134.93');
insert into "Reservaciones" (id_reservacion, id_cliente, id_silla, id_horario, precio) values (96, 53, 77, 5, '$114.62');
insert into "Reservaciones" (id_reservacion, id_cliente, id_silla, id_horario, precio) values (97, 59, 67, 72, '$160.85');
insert into "Reservaciones" (id_reservacion, id_cliente, id_silla, id_horario, precio) values (98, 43, 58, 13, '$250.04');
insert into "Reservaciones" (id_reservacion, id_cliente, id_silla, id_horario, precio) values (99, 68, 46, 73, '$197.28');
insert into "Reservaciones" (id_reservacion, id_cliente, id_silla, id_horario, precio) values (100, 55, 38, 83, '$203.64');


insert into "Peliculas_carteleras" (id_pelicula_cartelera, id_cine, id_pelicula, fecha_inicio, fecha_final) values (1, 11, 62, '2024-08-05 05:56:59', '2024-04-22 09:49:57');
insert into "Peliculas_carteleras" (id_pelicula_cartelera, id_cine, id_pelicula, fecha_inicio, fecha_final) values (2, 17, 12, '2024-02-05 20:06:05', '2024-08-03 17:19:41');
insert into "Peliculas_carteleras" (id_pelicula_cartelera, id_cine, id_pelicula, fecha_inicio, fecha_final) values (3, 56, 56, '2024-01-09 22:06:10', '2024-01-01 08:29:34');
insert into "Peliculas_carteleras" (id_pelicula_cartelera, id_cine, id_pelicula, fecha_inicio, fecha_final) values (4, 47, 21, '2024-05-28 23:23:58', '2023-09-22 14:21:54');
insert into "Peliculas_carteleras" (id_pelicula_cartelera, id_cine, id_pelicula, fecha_inicio, fecha_final) values (5, 87, 93, '2023-10-17 17:09:20', '2023-12-13 12:48:25');
insert into "Peliculas_carteleras" (id_pelicula_cartelera, id_cine, id_pelicula, fecha_inicio, fecha_final) values (6, 14, 84, '2024-06-29 20:47:58', '2023-09-03 10:56:18');
insert into "Peliculas_carteleras" (id_pelicula_cartelera, id_cine, id_pelicula, fecha_inicio, fecha_final) values (7, 94, 76, '2024-01-22 00:03:28', '2024-05-13 10:45:00');
insert into "Peliculas_carteleras" (id_pelicula_cartelera, id_cine, id_pelicula, fecha_inicio, fecha_final) values (8, 30, 22, '2023-11-15 19:22:46', '2023-08-28 07:34:27');
insert into "Peliculas_carteleras" (id_pelicula_cartelera, id_cine, id_pelicula, fecha_inicio, fecha_final) values (9, 79, 63, '2024-05-21 14:48:09', '2023-10-24 21:31:44');
insert into "Peliculas_carteleras" (id_pelicula_cartelera, id_cine, id_pelicula, fecha_inicio, fecha_final) values (10, 67, 68, '2024-06-25 19:32:55', '2024-04-23 13:08:04');
insert into "Peliculas_carteleras" (id_pelicula_cartelera, id_cine, id_pelicula, fecha_inicio, fecha_final) values (11, 53, 88, '2023-12-04 05:57:27', '2023-12-20 21:39:30');
insert into "Peliculas_carteleras" (id_pelicula_cartelera, id_cine, id_pelicula, fecha_inicio, fecha_final) values (12, 18, 52, '2023-08-29 01:12:04', '2023-12-12 03:37:37');
insert into "Peliculas_carteleras" (id_pelicula_cartelera, id_cine, id_pelicula, fecha_inicio, fecha_final) values (13, 60, 18, '2023-10-25 13:33:32', '2023-09-29 08:06:30');
insert into "Peliculas_carteleras" (id_pelicula_cartelera, id_cine, id_pelicula, fecha_inicio, fecha_final) values (14, 20, 98, '2023-12-24 05:03:15', '2024-08-23 05:57:50');
insert into "Peliculas_carteleras" (id_pelicula_cartelera, id_cine, id_pelicula, fecha_inicio, fecha_final) values (15, 9, 29, '2024-05-01 19:46:51', '2023-09-29 05:32:27');
insert into "Peliculas_carteleras" (id_pelicula_cartelera, id_cine, id_pelicula, fecha_inicio, fecha_final) values (16, 88, 26, '2023-10-30 20:22:06', '2024-01-10 02:42:15');
insert into "Peliculas_carteleras" (id_pelicula_cartelera, id_cine, id_pelicula, fecha_inicio, fecha_final) values (17, 28, 45, '2024-02-15 06:35:13', '2024-05-13 08:52:50');
insert into "Peliculas_carteleras" (id_pelicula_cartelera, id_cine, id_pelicula, fecha_inicio, fecha_final) values (18, 77, 34, '2023-12-01 15:00:19', '2023-11-15 15:36:01');
insert into "Peliculas_carteleras" (id_pelicula_cartelera, id_cine, id_pelicula, fecha_inicio, fecha_final) values (19, 60, 44, '2023-08-28 07:57:09', '2024-06-26 00:48:05');
insert into "Peliculas_carteleras" (id_pelicula_cartelera, id_cine, id_pelicula, fecha_inicio, fecha_final) values (20, 59, 8, '2024-05-05 10:29:30', '2023-10-18 17:26:12');
insert into "Peliculas_carteleras" (id_pelicula_cartelera, id_cine, id_pelicula, fecha_inicio, fecha_final) values (21, 53, 92, '2024-02-14 01:25:11', '2023-11-29 16:18:31');
insert into "Peliculas_carteleras" (id_pelicula_cartelera, id_cine, id_pelicula, fecha_inicio, fecha_final) values (22, 37, 48, '2023-10-07 23:28:08', '2024-05-29 16:54:08');
insert into "Peliculas_carteleras" (id_pelicula_cartelera, id_cine, id_pelicula, fecha_inicio, fecha_final) values (23, 83, 11, '2023-10-06 10:06:11', '2023-10-13 09:37:25');
insert into "Peliculas_carteleras" (id_pelicula_cartelera, id_cine, id_pelicula, fecha_inicio, fecha_final) values (24, 34, 29, '2023-12-12 19:29:24', '2024-01-11 18:07:08');
insert into "Peliculas_carteleras" (id_pelicula_cartelera, id_cine, id_pelicula, fecha_inicio, fecha_final) values (25, 33, 38, '2024-04-01 00:04:50', '2024-02-22 15:01:50');
insert into "Peliculas_carteleras" (id_pelicula_cartelera, id_cine, id_pelicula, fecha_inicio, fecha_final) values (26, 84, 42, '2024-04-01 14:32:32', '2023-11-08 13:54:49');
insert into "Peliculas_carteleras" (id_pelicula_cartelera, id_cine, id_pelicula, fecha_inicio, fecha_final) values (27, 82, 6, '2024-02-29 02:11:13', '2024-06-25 23:20:58');
insert into "Peliculas_carteleras" (id_pelicula_cartelera, id_cine, id_pelicula, fecha_inicio, fecha_final) values (28, 89, 75, '2024-03-09 21:25:50', '2023-10-01 17:37:54');
insert into "Peliculas_carteleras" (id_pelicula_cartelera, id_cine, id_pelicula, fecha_inicio, fecha_final) values (29, 99, 58, '2024-02-19 08:12:11', '2024-08-24 11:29:50');
insert into "Peliculas_carteleras" (id_pelicula_cartelera, id_cine, id_pelicula, fecha_inicio, fecha_final) values (30, 34, 24, '2024-07-17 06:55:49', '2024-03-21 01:22:50');
insert into "Peliculas_carteleras" (id_pelicula_cartelera, id_cine, id_pelicula, fecha_inicio, fecha_final) values (31, 10, 57, '2023-08-31 18:20:38', '2023-10-16 08:15:10');
insert into "Peliculas_carteleras" (id_pelicula_cartelera, id_cine, id_pelicula, fecha_inicio, fecha_final) values (32, 35, 40, '2024-01-05 01:40:24', '2023-11-13 06:05:52');
insert into "Peliculas_carteleras" (id_pelicula_cartelera, id_cine, id_pelicula, fecha_inicio, fecha_final) values (33, 28, 52, '2023-11-09 05:40:19', '2023-12-07 17:13:43');
insert into "Peliculas_carteleras" (id_pelicula_cartelera, id_cine, id_pelicula, fecha_inicio, fecha_final) values (34, 90, 19, '2024-02-11 22:53:55', '2023-10-07 23:27:42');
insert into "Peliculas_carteleras" (id_pelicula_cartelera, id_cine, id_pelicula, fecha_inicio, fecha_final) values (35, 60, 71, '2024-04-21 06:35:03', '2024-01-20 07:45:33');
insert into "Peliculas_carteleras" (id_pelicula_cartelera, id_cine, id_pelicula, fecha_inicio, fecha_final) values (36, 51, 36, '2024-08-13 14:20:12', '2023-12-21 04:47:18');
insert into "Peliculas_carteleras" (id_pelicula_cartelera, id_cine, id_pelicula, fecha_inicio, fecha_final) values (37, 34, 61, '2024-06-08 16:28:20', '2023-11-12 12:53:25');
insert into "Peliculas_carteleras" (id_pelicula_cartelera, id_cine, id_pelicula, fecha_inicio, fecha_final) values (38, 97, 39, '2023-09-17 04:41:57', '2023-10-27 16:01:34');
insert into "Peliculas_carteleras" (id_pelicula_cartelera, id_cine, id_pelicula, fecha_inicio, fecha_final) values (39, 8, 46, '2023-09-12 09:27:05', '2023-09-20 06:35:01');
insert into "Peliculas_carteleras" (id_pelicula_cartelera, id_cine, id_pelicula, fecha_inicio, fecha_final) values (40, 25, 41, '2023-09-03 17:00:03', '2024-05-02 22:37:49');
insert into "Peliculas_carteleras" (id_pelicula_cartelera, id_cine, id_pelicula, fecha_inicio, fecha_final) values (41, 77, 22, '2024-05-26 11:20:40', '2024-01-14 21:39:40');
insert into "Peliculas_carteleras" (id_pelicula_cartelera, id_cine, id_pelicula, fecha_inicio, fecha_final) values (42, 6, 96, '2024-08-14 19:36:04', '2024-07-11 19:41:53');
insert into "Peliculas_carteleras" (id_pelicula_cartelera, id_cine, id_pelicula, fecha_inicio, fecha_final) values (43, 62, 30, '2024-03-27 03:43:37', '2024-02-12 09:49:09');
insert into "Peliculas_carteleras" (id_pelicula_cartelera, id_cine, id_pelicula, fecha_inicio, fecha_final) values (44, 72, 18, '2023-10-12 03:37:06', '2024-03-31 05:15:55');
insert into "Peliculas_carteleras" (id_pelicula_cartelera, id_cine, id_pelicula, fecha_inicio, fecha_final) values (45, 86, 47, '2024-04-25 10:21:31', '2024-02-19 03:25:36');
insert into "Peliculas_carteleras" (id_pelicula_cartelera, id_cine, id_pelicula, fecha_inicio, fecha_final) values (46, 41, 69, '2024-04-13 08:52:10', '2024-02-14 16:29:15');
insert into "Peliculas_carteleras" (id_pelicula_cartelera, id_cine, id_pelicula, fecha_inicio, fecha_final) values (47, 2, 17, '2024-04-17 18:21:23', '2024-05-08 06:00:34');
insert into "Peliculas_carteleras" (id_pelicula_cartelera, id_cine, id_pelicula, fecha_inicio, fecha_final) values (48, 96, 75, '2024-02-17 23:54:35', '2024-06-15 17:51:02');
insert into "Peliculas_carteleras" (id_pelicula_cartelera, id_cine, id_pelicula, fecha_inicio, fecha_final) values (49, 95, 42, '2024-03-13 18:50:17', '2023-10-23 08:18:07');
insert into "Peliculas_carteleras" (id_pelicula_cartelera, id_cine, id_pelicula, fecha_inicio, fecha_final) values (50, 87, 60, '2024-03-28 03:21:55', '2024-03-21 02:05:12');
insert into "Peliculas_carteleras" (id_pelicula_cartelera, id_cine, id_pelicula, fecha_inicio, fecha_final) values (51, 67, 42, '2024-03-19 14:56:36', '2023-11-15 10:43:33');
insert into "Peliculas_carteleras" (id_pelicula_cartelera, id_cine, id_pelicula, fecha_inicio, fecha_final) values (52, 18, 33, '2023-12-09 00:54:43', '2023-12-21 09:00:23');
insert into "Peliculas_carteleras" (id_pelicula_cartelera, id_cine, id_pelicula, fecha_inicio, fecha_final) values (53, 92, 11, '2023-11-15 16:26:49', '2024-06-19 20:01:11');
insert into "Peliculas_carteleras" (id_pelicula_cartelera, id_cine, id_pelicula, fecha_inicio, fecha_final) values (54, 75, 33, '2024-04-17 08:48:42', '2023-09-28 12:42:24');
insert into "Peliculas_carteleras" (id_pelicula_cartelera, id_cine, id_pelicula, fecha_inicio, fecha_final) values (55, 23, 43, '2024-05-04 14:12:41', '2024-04-11 14:53:07');
insert into "Peliculas_carteleras" (id_pelicula_cartelera, id_cine, id_pelicula, fecha_inicio, fecha_final) values (56, 54, 86, '2024-01-08 17:44:03', '2023-12-14 10:06:49');
insert into "Peliculas_carteleras" (id_pelicula_cartelera, id_cine, id_pelicula, fecha_inicio, fecha_final) values (57, 91, 3, '2024-08-10 00:51:58', '2023-09-17 08:14:10');
insert into "Peliculas_carteleras" (id_pelicula_cartelera, id_cine, id_pelicula, fecha_inicio, fecha_final) values (58, 47, 50, '2023-11-12 04:26:20', '2023-09-28 18:34:18');
insert into "Peliculas_carteleras" (id_pelicula_cartelera, id_cine, id_pelicula, fecha_inicio, fecha_final) values (59, 21, 93, '2023-12-20 13:45:53', '2024-01-23 02:03:28');
insert into "Peliculas_carteleras" (id_pelicula_cartelera, id_cine, id_pelicula, fecha_inicio, fecha_final) values (60, 84, 22, '2024-01-21 10:47:20', '2023-10-27 16:20:25');
insert into "Peliculas_carteleras" (id_pelicula_cartelera, id_cine, id_pelicula, fecha_inicio, fecha_final) values (61, 12, 39, '2024-07-13 15:10:13', '2024-07-01 23:05:46');
insert into "Peliculas_carteleras" (id_pelicula_cartelera, id_cine, id_pelicula, fecha_inicio, fecha_final) values (62, 3, 71, '2024-04-20 12:36:39', '2023-10-19 14:39:05');
insert into "Peliculas_carteleras" (id_pelicula_cartelera, id_cine, id_pelicula, fecha_inicio, fecha_final) values (63, 82, 95, '2024-02-10 12:28:35', '2023-11-02 23:26:07');
insert into "Peliculas_carteleras" (id_pelicula_cartelera, id_cine, id_pelicula, fecha_inicio, fecha_final) values (64, 58, 42, '2023-11-24 10:10:05', '2024-04-26 01:45:47');
insert into "Peliculas_carteleras" (id_pelicula_cartelera, id_cine, id_pelicula, fecha_inicio, fecha_final) values (65, 57, 71, '2023-09-01 22:51:12', '2024-06-21 17:37:21');
insert into "Peliculas_carteleras" (id_pelicula_cartelera, id_cine, id_pelicula, fecha_inicio, fecha_final) values (66, 8, 54, '2023-10-24 07:23:39', '2024-03-06 22:19:10');
insert into "Peliculas_carteleras" (id_pelicula_cartelera, id_cine, id_pelicula, fecha_inicio, fecha_final) values (67, 74, 56, '2024-07-12 19:48:13', '2024-03-26 23:21:42');
insert into "Peliculas_carteleras" (id_pelicula_cartelera, id_cine, id_pelicula, fecha_inicio, fecha_final) values (68, 54, 57, '2024-04-17 14:21:27', '2024-02-29 16:54:25');
insert into "Peliculas_carteleras" (id_pelicula_cartelera, id_cine, id_pelicula, fecha_inicio, fecha_final) values (69, 28, 31, '2023-08-28 04:39:00', '2024-06-14 23:43:14');
insert into "Peliculas_carteleras" (id_pelicula_cartelera, id_cine, id_pelicula, fecha_inicio, fecha_final) values (70, 92, 18, '2024-02-25 01:43:52', '2024-05-07 03:08:15');
insert into "Peliculas_carteleras" (id_pelicula_cartelera, id_cine, id_pelicula, fecha_inicio, fecha_final) values (71, 68, 26, '2023-11-17 00:28:52', '2023-10-03 14:28:57');
insert into "Peliculas_carteleras" (id_pelicula_cartelera, id_cine, id_pelicula, fecha_inicio, fecha_final) values (72, 81, 85, '2024-01-23 13:12:15', '2023-11-30 12:32:06');
insert into "Peliculas_carteleras" (id_pelicula_cartelera, id_cine, id_pelicula, fecha_inicio, fecha_final) values (73, 51, 77, '2024-08-24 04:29:44', '2024-03-18 04:26:22');
insert into "Peliculas_carteleras" (id_pelicula_cartelera, id_cine, id_pelicula, fecha_inicio, fecha_final) values (74, 70, 89, '2024-07-12 05:18:28', '2024-08-13 22:47:51');
insert into "Peliculas_carteleras" (id_pelicula_cartelera, id_cine, id_pelicula, fecha_inicio, fecha_final) values (75, 38, 55, '2023-11-17 03:12:56', '2024-01-29 17:36:19');
insert into "Peliculas_carteleras" (id_pelicula_cartelera, id_cine, id_pelicula, fecha_inicio, fecha_final) values (76, 10, 91, '2024-01-16 17:08:46', '2024-04-29 08:05:30');
insert into "Peliculas_carteleras" (id_pelicula_cartelera, id_cine, id_pelicula, fecha_inicio, fecha_final) values (77, 27, 21, '2024-04-23 21:49:28', '2023-12-16 11:35:21');
insert into "Peliculas_carteleras" (id_pelicula_cartelera, id_cine, id_pelicula, fecha_inicio, fecha_final) values (78, 3, 24, '2024-02-18 12:53:30', '2024-03-30 08:04:17');
insert into "Peliculas_carteleras" (id_pelicula_cartelera, id_cine, id_pelicula, fecha_inicio, fecha_final) values (79, 33, 87, '2024-06-21 05:09:32', '2023-10-17 09:32:31');
insert into "Peliculas_carteleras" (id_pelicula_cartelera, id_cine, id_pelicula, fecha_inicio, fecha_final) values (80, 99, 100, '2024-01-07 23:23:46', '2023-10-28 17:22:23');
insert into "Peliculas_carteleras" (id_pelicula_cartelera, id_cine, id_pelicula, fecha_inicio, fecha_final) values (81, 66, 25, '2023-10-13 12:26:48', '2024-04-22 03:17:35');
insert into "Peliculas_carteleras" (id_pelicula_cartelera, id_cine, id_pelicula, fecha_inicio, fecha_final) values (82, 78, 83, '2024-05-05 04:23:50', '2023-12-18 10:57:00');
insert into "Peliculas_carteleras" (id_pelicula_cartelera, id_cine, id_pelicula, fecha_inicio, fecha_final) values (83, 91, 96, '2024-03-28 12:22:16', '2024-06-21 21:37:27');
insert into "Peliculas_carteleras" (id_pelicula_cartelera, id_cine, id_pelicula, fecha_inicio, fecha_final) values (84, 1, 51, '2024-08-01 12:25:20', '2024-02-19 06:59:27');
insert into "Peliculas_carteleras" (id_pelicula_cartelera, id_cine, id_pelicula, fecha_inicio, fecha_final) values (85, 15, 47, '2024-08-18 00:29:22', '2023-11-17 01:01:06');
insert into "Peliculas_carteleras" (id_pelicula_cartelera, id_cine, id_pelicula, fecha_inicio, fecha_final) values (86, 3, 64, '2023-09-22 16:30:51', '2024-07-01 16:38:15');
insert into "Peliculas_carteleras" (id_pelicula_cartelera, id_cine, id_pelicula, fecha_inicio, fecha_final) values (87, 36, 79, '2023-12-25 10:08:39', '2024-04-09 21:37:18');
insert into "Peliculas_carteleras" (id_pelicula_cartelera, id_cine, id_pelicula, fecha_inicio, fecha_final) values (88, 79, 72, '2023-08-30 01:13:38', '2023-11-29 07:38:05');
insert into "Peliculas_carteleras" (id_pelicula_cartelera, id_cine, id_pelicula, fecha_inicio, fecha_final) values (89, 99, 80, '2024-07-11 04:04:53', '2024-03-07 19:51:27');
insert into "Peliculas_carteleras" (id_pelicula_cartelera, id_cine, id_pelicula, fecha_inicio, fecha_final) values (90, 10, 96, '2024-01-02 02:33:02', '2023-08-26 15:35:22');
insert into "Peliculas_carteleras" (id_pelicula_cartelera, id_cine, id_pelicula, fecha_inicio, fecha_final) values (91, 22, 29, '2024-03-08 03:25:46', '2023-12-18 02:21:47');
insert into "Peliculas_carteleras" (id_pelicula_cartelera, id_cine, id_pelicula, fecha_inicio, fecha_final) values (92, 38, 78, '2023-09-08 21:29:30', '2024-05-27 23:28:06');
insert into "Peliculas_carteleras" (id_pelicula_cartelera, id_cine, id_pelicula, fecha_inicio, fecha_final) values (93, 72, 92, '2024-01-12 05:40:29', '2024-08-05 08:35:04');
insert into "Peliculas_carteleras" (id_pelicula_cartelera, id_cine, id_pelicula, fecha_inicio, fecha_final) values (94, 50, 8, '2023-12-13 18:07:18', '2024-08-16 04:05:45');
insert into "Peliculas_carteleras" (id_pelicula_cartelera, id_cine, id_pelicula, fecha_inicio, fecha_final) values (95, 24, 88, '2024-06-14 04:43:59', '2024-08-25 07:23:15');
insert into "Peliculas_carteleras" (id_pelicula_cartelera, id_cine, id_pelicula, fecha_inicio, fecha_final) values (96, 54, 42, '2024-07-12 21:13:11', '2024-02-12 11:26:35');
insert into "Peliculas_carteleras" (id_pelicula_cartelera, id_cine, id_pelicula, fecha_inicio, fecha_final) values (97, 31, 87, '2024-05-22 02:47:23', '2024-06-18 08:08:48');
insert into "Peliculas_carteleras" (id_pelicula_cartelera, id_cine, id_pelicula, fecha_inicio, fecha_final) values (98, 6, 87, '2024-01-07 19:48:22', '2024-07-29 02:30:03');
insert into "Peliculas_carteleras" (id_pelicula_cartelera, id_cine, id_pelicula, fecha_inicio, fecha_final) values (99, 72, 67, '2024-07-26 17:21:18', '2023-10-31 01:44:22');
insert into "Peliculas_carteleras" (id_pelicula_cartelera, id_cine, id_pelicula, fecha_inicio, fecha_final) values (100, 6, 4, '2024-01-08 21:18:25', '2024-08-21 09:25:48');
insert into "Peliculas_carteleras" (id_pelicula_cartelera, id_cine, id_pelicula, fecha_inicio, fecha_final) values (101, 50, 51, '2023-10-16 04:07:22', '2023-12-05 12:41:21');
insert into "Peliculas_carteleras" (id_pelicula_cartelera, id_cine, id_pelicula, fecha_inicio, fecha_final) values (102, 28, 73, '2024-07-01 02:46:33', '2023-12-27 05:14:13');
insert into "Peliculas_carteleras" (id_pelicula_cartelera, id_cine, id_pelicula, fecha_inicio, fecha_final) values (103, 98, 64, '2024-06-27 10:45:21', '2023-09-28 23:19:26');
insert into "Peliculas_carteleras" (id_pelicula_cartelera, id_cine, id_pelicula, fecha_inicio, fecha_final) values (104, 61, 81, '2024-04-08 03:51:26', '2023-09-09 05:11:17');
insert into "Peliculas_carteleras" (id_pelicula_cartelera, id_cine, id_pelicula, fecha_inicio, fecha_final) values (105, 93, 19, '2024-03-04 15:40:34', '2023-09-09 13:08:52');
insert into "Peliculas_carteleras" (id_pelicula_cartelera, id_cine, id_pelicula, fecha_inicio, fecha_final) values (106, 77, 45, '2023-09-08 07:00:03', '2023-09-26 18:19:31');
insert into "Peliculas_carteleras" (id_pelicula_cartelera, id_cine, id_pelicula, fecha_inicio, fecha_final) values (107, 51, 51, '2024-03-03 02:00:11', '2024-08-06 14:42:56');
insert into "Peliculas_carteleras" (id_pelicula_cartelera, id_cine, id_pelicula, fecha_inicio, fecha_final) values (108, 22, 88, '2023-10-01 18:34:56', '2024-06-16 04:48:15');
insert into "Peliculas_carteleras" (id_pelicula_cartelera, id_cine, id_pelicula, fecha_inicio, fecha_final) values (109, 6, 58, '2024-03-17 05:30:18', '2023-12-25 21:12:31');
insert into "Peliculas_carteleras" (id_pelicula_cartelera, id_cine, id_pelicula, fecha_inicio, fecha_final) values (110, 29, 86, '2024-04-05 19:03:22', '2024-03-07 17:51:26');
insert into "Peliculas_carteleras" (id_pelicula_cartelera, id_cine, id_pelicula, fecha_inicio, fecha_final) values (111, 26, 81, '2023-09-12 20:06:03', '2023-12-07 08:16:45');
insert into "Peliculas_carteleras" (id_pelicula_cartelera, id_cine, id_pelicula, fecha_inicio, fecha_final) values (112, 40, 67, '2023-08-29 10:53:29', '2023-12-17 15:26:02');
insert into "Peliculas_carteleras" (id_pelicula_cartelera, id_cine, id_pelicula, fecha_inicio, fecha_final) values (113, 27, 83, '2024-06-12 23:13:07', '2023-11-13 05:25:21');
insert into "Peliculas_carteleras" (id_pelicula_cartelera, id_cine, id_pelicula, fecha_inicio, fecha_final) values (114, 1, 30, '2024-01-20 14:39:25', '2024-08-02 21:37:25');
insert into "Peliculas_carteleras" (id_pelicula_cartelera, id_cine, id_pelicula, fecha_inicio, fecha_final) values (115, 70, 47, '2024-01-15 01:06:29', '2023-11-11 03:39:28');
insert into "Peliculas_carteleras" (id_pelicula_cartelera, id_cine, id_pelicula, fecha_inicio, fecha_final) values (116, 70, 11, '2023-12-12 10:51:28', '2024-05-21 08:04:21');
insert into "Peliculas_carteleras" (id_pelicula_cartelera, id_cine, id_pelicula, fecha_inicio, fecha_final) values (117, 67, 31, '2024-07-27 04:19:01', '2024-02-29 15:23:53');
insert into "Peliculas_carteleras" (id_pelicula_cartelera, id_cine, id_pelicula, fecha_inicio, fecha_final) values (118, 63, 15, '2023-09-27 18:02:57', '2024-05-22 05:33:34');
insert into "Peliculas_carteleras" (id_pelicula_cartelera, id_cine, id_pelicula, fecha_inicio, fecha_final) values (119, 88, 4, '2024-05-14 06:40:04', '2024-07-31 01:50:44');
insert into "Peliculas_carteleras" (id_pelicula_cartelera, id_cine, id_pelicula, fecha_inicio, fecha_final) values (120, 83, 23, '2023-09-08 10:32:40', '2023-09-26 06:08:01');
insert into "Peliculas_carteleras" (id_pelicula_cartelera, id_cine, id_pelicula, fecha_inicio, fecha_final) values (121, 2, 2, '2023-11-19 19:23:58', '2023-10-11 00:31:28');
insert into "Peliculas_carteleras" (id_pelicula_cartelera, id_cine, id_pelicula, fecha_inicio, fecha_final) values (122, 10, 62, '2024-08-03 11:53:39', '2024-06-11 09:09:34');
insert into "Peliculas_carteleras" (id_pelicula_cartelera, id_cine, id_pelicula, fecha_inicio, fecha_final) values (123, 95, 28, '2023-12-30 18:42:37', '2023-12-19 14:32:40');
insert into "Peliculas_carteleras" (id_pelicula_cartelera, id_cine, id_pelicula, fecha_inicio, fecha_final) values (124, 5, 61, '2024-02-24 04:57:10', '2024-03-20 08:57:26');
insert into "Peliculas_carteleras" (id_pelicula_cartelera, id_cine, id_pelicula, fecha_inicio, fecha_final) values (125, 63, 32, '2023-11-28 22:19:26', '2023-10-19 03:35:19');
insert into "Peliculas_carteleras" (id_pelicula_cartelera, id_cine, id_pelicula, fecha_inicio, fecha_final) values (126, 26, 7, '2024-08-21 23:37:14', '2023-12-22 15:27:42');
insert into "Peliculas_carteleras" (id_pelicula_cartelera, id_cine, id_pelicula, fecha_inicio, fecha_final) values (127, 34, 83, '2024-05-10 22:28:00', '2023-08-27 10:13:35');
insert into "Peliculas_carteleras" (id_pelicula_cartelera, id_cine, id_pelicula, fecha_inicio, fecha_final) values (128, 50, 15, '2024-06-15 06:20:35', '2023-09-07 22:04:27');
insert into "Peliculas_carteleras" (id_pelicula_cartelera, id_cine, id_pelicula, fecha_inicio, fecha_final) values (129, 71, 5, '2024-02-08 12:26:19', '2024-04-27 00:43:34');
insert into "Peliculas_carteleras" (id_pelicula_cartelera, id_cine, id_pelicula, fecha_inicio, fecha_final) values (130, 44, 61, '2024-04-08 00:10:53', '2023-09-12 09:38:52');
insert into "Peliculas_carteleras" (id_pelicula_cartelera, id_cine, id_pelicula, fecha_inicio, fecha_final) values (131, 38, 64, '2024-02-21 20:14:06', '2024-06-04 00:48:24');
insert into "Peliculas_carteleras" (id_pelicula_cartelera, id_cine, id_pelicula, fecha_inicio, fecha_final) values (132, 78, 87, '2023-12-15 12:39:57', '2024-01-09 06:23:41');
insert into "Peliculas_carteleras" (id_pelicula_cartelera, id_cine, id_pelicula, fecha_inicio, fecha_final) values (133, 28, 20, '2024-01-14 16:41:02', '2023-12-03 07:13:47');
insert into "Peliculas_carteleras" (id_pelicula_cartelera, id_cine, id_pelicula, fecha_inicio, fecha_final) values (134, 81, 95, '2023-12-28 08:21:29', '2023-09-19 09:02:26');
insert into "Peliculas_carteleras" (id_pelicula_cartelera, id_cine, id_pelicula, fecha_inicio, fecha_final) values (135, 99, 23, '2023-11-04 10:02:38', '2024-08-06 03:46:04');
insert into "Peliculas_carteleras" (id_pelicula_cartelera, id_cine, id_pelicula, fecha_inicio, fecha_final) values (136, 96, 88, '2023-11-12 21:23:49', '2023-11-01 17:55:23');
insert into "Peliculas_carteleras" (id_pelicula_cartelera, id_cine, id_pelicula, fecha_inicio, fecha_final) values (137, 74, 8, '2023-10-28 09:42:05', '2024-04-08 23:54:52');
insert into "Peliculas_carteleras" (id_pelicula_cartelera, id_cine, id_pelicula, fecha_inicio, fecha_final) values (138, 26, 15, '2024-03-01 18:07:21', '2023-12-15 22:24:08');
insert into "Peliculas_carteleras" (id_pelicula_cartelera, id_cine, id_pelicula, fecha_inicio, fecha_final) values (139, 68, 96, '2024-04-05 22:43:08', '2024-01-03 14:21:35');
insert into "Peliculas_carteleras" (id_pelicula_cartelera, id_cine, id_pelicula, fecha_inicio, fecha_final) values (140, 65, 32, '2023-08-31 07:29:45', '2024-06-26 02:41:04');
insert into "Peliculas_carteleras" (id_pelicula_cartelera, id_cine, id_pelicula, fecha_inicio, fecha_final) values (141, 45, 98, '2024-05-17 11:48:03', '2024-03-28 11:51:57');
insert into "Peliculas_carteleras" (id_pelicula_cartelera, id_cine, id_pelicula, fecha_inicio, fecha_final) values (142, 41, 54, '2024-08-13 04:19:23', '2023-11-07 02:57:30');
insert into "Peliculas_carteleras" (id_pelicula_cartelera, id_cine, id_pelicula, fecha_inicio, fecha_final) values (143, 8, 42, '2024-08-20 14:12:50', '2023-09-26 22:35:08');
insert into "Peliculas_carteleras" (id_pelicula_cartelera, id_cine, id_pelicula, fecha_inicio, fecha_final) values (144, 97, 51, '2024-01-04 11:42:35', '2023-12-06 15:39:34');
insert into "Peliculas_carteleras" (id_pelicula_cartelera, id_cine, id_pelicula, fecha_inicio, fecha_final) values (145, 66, 100, '2024-06-17 19:48:21', '2023-08-28 17:18:37');
insert into "Peliculas_carteleras" (id_pelicula_cartelera, id_cine, id_pelicula, fecha_inicio, fecha_final) values (146, 89, 22, '2024-05-03 14:07:11', '2023-09-28 20:53:49');
insert into "Peliculas_carteleras" (id_pelicula_cartelera, id_cine, id_pelicula, fecha_inicio, fecha_final) values (147, 73, 48, '2023-11-24 08:59:45', '2024-03-02 19:04:41');
insert into "Peliculas_carteleras" (id_pelicula_cartelera, id_cine, id_pelicula, fecha_inicio, fecha_final) values (148, 13, 87, '2024-01-19 16:49:06', '2023-09-03 11:18:57');
insert into "Peliculas_carteleras" (id_pelicula_cartelera, id_cine, id_pelicula, fecha_inicio, fecha_final) values (149, 33, 38, '2023-10-28 01:09:32', '2024-05-29 01:01:39');
insert into "Peliculas_carteleras" (id_pelicula_cartelera, id_cine, id_pelicula, fecha_inicio, fecha_final) values (150, 11, 85, '2024-03-13 08:54:41', '2023-12-14 01:55:58');
insert into "Peliculas_carteleras" (id_pelicula_cartelera, id_cine, id_pelicula, fecha_inicio, fecha_final) values (151, 36, 40, '2024-05-21 15:26:12', '2023-12-11 17:56:40');
insert into "Peliculas_carteleras" (id_pelicula_cartelera, id_cine, id_pelicula, fecha_inicio, fecha_final) values (152, 8, 41, '2024-01-13 00:51:19', '2023-11-10 22:14:29');
insert into "Peliculas_carteleras" (id_pelicula_cartelera, id_cine, id_pelicula, fecha_inicio, fecha_final) values (153, 91, 99, '2023-11-07 06:46:28', '2024-06-11 11:06:08');
insert into "Peliculas_carteleras" (id_pelicula_cartelera, id_cine, id_pelicula, fecha_inicio, fecha_final) values (154, 71, 42, '2024-05-07 21:42:20', '2023-12-10 00:29:35');
insert into "Peliculas_carteleras" (id_pelicula_cartelera, id_cine, id_pelicula, fecha_inicio, fecha_final) values (155, 47, 34, '2024-07-07 16:57:01', '2024-07-12 14:21:22');
insert into "Peliculas_carteleras" (id_pelicula_cartelera, id_cine, id_pelicula, fecha_inicio, fecha_final) values (156, 64, 55, '2024-03-16 09:14:47', '2024-03-03 22:35:03');
insert into "Peliculas_carteleras" (id_pelicula_cartelera, id_cine, id_pelicula, fecha_inicio, fecha_final) values (157, 23, 47, '2024-02-08 11:42:29', '2023-09-08 09:33:42');
insert into "Peliculas_carteleras" (id_pelicula_cartelera, id_cine, id_pelicula, fecha_inicio, fecha_final) values (158, 78, 38, '2023-09-23 07:44:44', '2024-07-08 01:43:40');
insert into "Peliculas_carteleras" (id_pelicula_cartelera, id_cine, id_pelicula, fecha_inicio, fecha_final) values (159, 55, 52, '2023-11-09 01:52:09', '2023-12-07 14:12:51');
insert into "Peliculas_carteleras" (id_pelicula_cartelera, id_cine, id_pelicula, fecha_inicio, fecha_final) values (160, 4, 81, '2023-11-28 23:05:04', '2024-06-04 17:48:43');
insert into "Peliculas_carteleras" (id_pelicula_cartelera, id_cine, id_pelicula, fecha_inicio, fecha_final) values (161, 80, 42, '2023-09-21 01:28:54', '2024-07-15 15:01:56');
insert into "Peliculas_carteleras" (id_pelicula_cartelera, id_cine, id_pelicula, fecha_inicio, fecha_final) values (162, 100, 53, '2024-08-16 11:15:34', '2023-10-12 11:17:04');
insert into "Peliculas_carteleras" (id_pelicula_cartelera, id_cine, id_pelicula, fecha_inicio, fecha_final) values (163, 30, 4, '2024-04-15 00:05:56', '2023-09-22 03:27:23');
insert into "Peliculas_carteleras" (id_pelicula_cartelera, id_cine, id_pelicula, fecha_inicio, fecha_final) values (164, 4, 33, '2023-12-04 18:15:37', '2024-05-17 22:50:32');
insert into "Peliculas_carteleras" (id_pelicula_cartelera, id_cine, id_pelicula, fecha_inicio, fecha_final) values (165, 94, 100, '2023-11-26 15:56:57', '2024-05-02 12:16:29');
insert into "Peliculas_carteleras" (id_pelicula_cartelera, id_cine, id_pelicula, fecha_inicio, fecha_final) values (166, 95, 78, '2023-11-30 07:15:29', '2023-10-11 01:27:23');
insert into "Peliculas_carteleras" (id_pelicula_cartelera, id_cine, id_pelicula, fecha_inicio, fecha_final) values (167, 33, 50, '2024-06-06 08:28:22', '2024-05-28 10:07:50');
insert into "Peliculas_carteleras" (id_pelicula_cartelera, id_cine, id_pelicula, fecha_inicio, fecha_final) values (168, 14, 31, '2024-01-19 06:37:00', '2024-06-16 14:55:09');
insert into "Peliculas_carteleras" (id_pelicula_cartelera, id_cine, id_pelicula, fecha_inicio, fecha_final) values (169, 78, 19, '2023-12-18 12:28:34', '2024-07-21 15:56:38');
insert into "Peliculas_carteleras" (id_pelicula_cartelera, id_cine, id_pelicula, fecha_inicio, fecha_final) values (170, 52, 91, '2024-04-16 05:51:06', '2024-06-23 23:08:38');
insert into "Peliculas_carteleras" (id_pelicula_cartelera, id_cine, id_pelicula, fecha_inicio, fecha_final) values (171, 73, 60, '2023-11-08 19:20:25', '2024-08-07 21:21:02');
insert into "Peliculas_carteleras" (id_pelicula_cartelera, id_cine, id_pelicula, fecha_inicio, fecha_final) values (172, 84, 58, '2023-09-12 19:35:38', '2024-02-22 21:30:50');
insert into "Peliculas_carteleras" (id_pelicula_cartelera, id_cine, id_pelicula, fecha_inicio, fecha_final) values (173, 13, 22, '2023-10-17 10:32:40', '2023-09-11 01:20:15');
insert into "Peliculas_carteleras" (id_pelicula_cartelera, id_cine, id_pelicula, fecha_inicio, fecha_final) values (174, 52, 38, '2023-12-15 09:52:08', '2023-09-21 08:50:29');
insert into "Peliculas_carteleras" (id_pelicula_cartelera, id_cine, id_pelicula, fecha_inicio, fecha_final) values (175, 49, 99, '2024-06-04 22:34:46', '2024-07-16 08:46:51');
insert into "Peliculas_carteleras" (id_pelicula_cartelera, id_cine, id_pelicula, fecha_inicio, fecha_final) values (176, 94, 100, '2023-11-07 20:46:39', '2024-06-30 17:29:04');
insert into "Peliculas_carteleras" (id_pelicula_cartelera, id_cine, id_pelicula, fecha_inicio, fecha_final) values (177, 98, 34, '2023-09-12 01:58:59', '2024-02-07 11:09:36');
insert into "Peliculas_carteleras" (id_pelicula_cartelera, id_cine, id_pelicula, fecha_inicio, fecha_final) values (178, 17, 49, '2023-09-18 05:52:47', '2023-10-29 20:55:51');
insert into "Peliculas_carteleras" (id_pelicula_cartelera, id_cine, id_pelicula, fecha_inicio, fecha_final) values (179, 66, 44, '2024-08-03 08:57:22', '2023-12-25 19:47:40');
insert into "Peliculas_carteleras" (id_pelicula_cartelera, id_cine, id_pelicula, fecha_inicio, fecha_final) values (180, 88, 14, '2023-11-12 14:01:28', '2024-06-27 17:36:22');
insert into "Peliculas_carteleras" (id_pelicula_cartelera, id_cine, id_pelicula, fecha_inicio, fecha_final) values (181, 52, 69, '2024-04-29 16:19:44', '2024-02-27 13:20:16');
insert into "Peliculas_carteleras" (id_pelicula_cartelera, id_cine, id_pelicula, fecha_inicio, fecha_final) values (182, 58, 83, '2023-12-19 04:58:56', '2023-12-29 23:05:04');
insert into "Peliculas_carteleras" (id_pelicula_cartelera, id_cine, id_pelicula, fecha_inicio, fecha_final) values (183, 26, 35, '2024-04-02 23:31:47', '2023-11-12 15:25:55');
insert into "Peliculas_carteleras" (id_pelicula_cartelera, id_cine, id_pelicula, fecha_inicio, fecha_final) values (184, 1, 46, '2024-08-01 14:40:21', '2023-11-09 02:22:56');
insert into "Peliculas_carteleras" (id_pelicula_cartelera, id_cine, id_pelicula, fecha_inicio, fecha_final) values (185, 36, 51, '2023-11-08 22:45:58', '2024-02-18 20:21:46');
insert into "Peliculas_carteleras" (id_pelicula_cartelera, id_cine, id_pelicula, fecha_inicio, fecha_final) values (186, 81, 26, '2024-02-23 22:15:27', '2024-04-08 13:48:23');
insert into "Peliculas_carteleras" (id_pelicula_cartelera, id_cine, id_pelicula, fecha_inicio, fecha_final) values (187, 74, 98, '2024-01-19 19:11:41', '2023-09-04 00:03:59');
insert into "Peliculas_carteleras" (id_pelicula_cartelera, id_cine, id_pelicula, fecha_inicio, fecha_final) values (188, 10, 6, '2024-04-24 09:50:42', '2024-05-23 07:09:24');
insert into "Peliculas_carteleras" (id_pelicula_cartelera, id_cine, id_pelicula, fecha_inicio, fecha_final) values (189, 20, 78, '2023-09-10 00:21:09', '2024-08-06 23:40:40');
insert into "Peliculas_carteleras" (id_pelicula_cartelera, id_cine, id_pelicula, fecha_inicio, fecha_final) values (190, 95, 89, '2024-03-17 03:43:35', '2023-09-29 10:34:36');
insert into "Peliculas_carteleras" (id_pelicula_cartelera, id_cine, id_pelicula, fecha_inicio, fecha_final) values (191, 12, 10, '2023-12-11 20:10:51', '2024-08-10 18:10:58');
insert into "Peliculas_carteleras" (id_pelicula_cartelera, id_cine, id_pelicula, fecha_inicio, fecha_final) values (192, 87, 97, '2024-04-24 14:35:23', '2023-09-30 03:43:52');
insert into "Peliculas_carteleras" (id_pelicula_cartelera, id_cine, id_pelicula, fecha_inicio, fecha_final) values (193, 97, 31, '2024-06-16 07:28:02', '2024-08-24 23:57:31');
insert into "Peliculas_carteleras" (id_pelicula_cartelera, id_cine, id_pelicula, fecha_inicio, fecha_final) values (194, 4, 53, '2024-05-01 14:12:35', '2024-03-11 06:25:29');
insert into "Peliculas_carteleras" (id_pelicula_cartelera, id_cine, id_pelicula, fecha_inicio, fecha_final) values (195, 54, 16, '2024-01-26 14:10:29', '2023-12-10 03:58:14');
insert into "Peliculas_carteleras" (id_pelicula_cartelera, id_cine, id_pelicula, fecha_inicio, fecha_final) values (196, 27, 3, '2024-07-13 19:40:56', '2023-11-26 01:57:35');
insert into "Peliculas_carteleras" (id_pelicula_cartelera, id_cine, id_pelicula, fecha_inicio, fecha_final) values (197, 48, 26, '2023-11-21 04:25:05', '2024-03-30 20:19:36');
insert into "Peliculas_carteleras" (id_pelicula_cartelera, id_cine, id_pelicula, fecha_inicio, fecha_final) values (198, 2, 6, '2023-12-25 22:24:57', '2023-09-09 14:48:56');
insert into "Peliculas_carteleras" (id_pelicula_cartelera, id_cine, id_pelicula, fecha_inicio, fecha_final) values (199, 60, 12, '2023-11-18 09:01:02', '2023-10-28 08:12:04');
insert into "Peliculas_carteleras" (id_pelicula_cartelera, id_cine, id_pelicula, fecha_inicio, fecha_final) values (200, 3, 70, '2024-07-07 02:19:32', '2023-08-30 03:30:41');

insert into "Cargos" (id_cargo, nombre_cargo, descripcion_cargo) values (1, 'Architect', 'Zygomycosis, unspecified');
insert into "Cargos" (id_cargo, nombre_cargo, descripcion_cargo) values (2, 'Construction Manager', 'Poisoning by opth drugs and preparations, assault, init');
insert into "Cargos" (id_cargo, nombre_cargo, descripcion_cargo) values (3, 'Construction Worker', 'Barton''s fx r radius, subs for opn fx type I/2 w malunion');
insert into "Cargos" (id_cargo, nombre_cargo, descripcion_cargo) values (4, 'Engineer', 'Blister (nonthermal) of penis');
insert into "Cargos" (id_cargo, nombre_cargo, descripcion_cargo) values (5, 'Project Manager', 'Intentional self-harm by blunt object');
insert into "Cargos" (id_cargo, nombre_cargo, descripcion_cargo) values (6, 'Construction Expeditor', 'Toxic effect of ethanol, accidental (unintentional), init');
insert into "Cargos" (id_cargo, nombre_cargo, descripcion_cargo) values (7, 'Supervisor', 'Anisocoria');
insert into "Cargos" (id_cargo, nombre_cargo, descripcion_cargo) values (8, 'Construction Manager', 'Poisn by anticoag antag, vitamin K and oth coag, undet, init');
insert into "Cargos" (id_cargo, nombre_cargo, descripcion_cargo) values (9, 'Estimator', 'Unspecified injury of unspecified thigh, initial encounter');
insert into "Cargos" (id_cargo, nombre_cargo, descripcion_cargo) values (10, 'Construction Manager', 'Subluxation of other parts of left shoulder girdle, sequela');
insert into "Cargos" (id_cargo, nombre_cargo, descripcion_cargo) values (11, 'Subcontractor', 'Other forms of erysipeloid');
insert into "Cargos" (id_cargo, nombre_cargo, descripcion_cargo) values (12, 'Construction Worker', 'Postimmunization arthropathy, elbow');
insert into "Cargos" (id_cargo, nombre_cargo, descripcion_cargo) values (13, 'Project Manager', 'Obstructed labor due to malposition and malpresent, unsp');
insert into "Cargos" (id_cargo, nombre_cargo, descripcion_cargo) values (14, 'Electrician', 'Periprosth fracture around internal prosthetic r elbow joint');
insert into "Cargos" (id_cargo, nombre_cargo, descripcion_cargo) values (15, 'Construction Foreman', 'Contact with transmission devices, not elsewhere classified');
insert into "Cargos" (id_cargo, nombre_cargo, descripcion_cargo) values (16, 'Engineer', 'Oth athscl nonautologous bio bypass of the extremities');
insert into "Cargos" (id_cargo, nombre_cargo, descripcion_cargo) values (17, 'Engineer', 'Disp fx of nk of 2nd MC bone, l hand, subs for fx w nonunion');
insert into "Cargos" (id_cargo, nombre_cargo, descripcion_cargo) values (18, 'Engineer', 'Corrosion of third degree of left wrist, subs encntr');
insert into "Cargos" (id_cargo, nombre_cargo, descripcion_cargo) values (19, 'Estimator', 'Oth dorsopathies, sacral and sacrococcygeal region');
insert into "Cargos" (id_cargo, nombre_cargo, descripcion_cargo) values (20, 'Project Manager', 'Complete traumatic amp of unsp forearm, level unsp, sequela');
insert into "Cargos" (id_cargo, nombre_cargo, descripcion_cargo) values (21, 'Subcontractor', 'Juvenile osteochondrosis of hip and pelvis');
insert into "Cargos" (id_cargo, nombre_cargo, descripcion_cargo) values (22, 'Construction Worker', 'Neuromuscular scoliosis');
insert into "Cargos" (id_cargo, nombre_cargo, descripcion_cargo) values (23, 'Construction Foreman', 'Displ bimalleol fx r low leg, subs for clos fx w malunion');
insert into "Cargos" (id_cargo, nombre_cargo, descripcion_cargo) values (24, 'Subcontractor', 'Subluxation of distal interphalangeal joint of r mid finger');
insert into "Cargos" (id_cargo, nombre_cargo, descripcion_cargo) values (25, 'Construction Worker', 'Major laceration of left kidney, sequela');
insert into "Cargos" (id_cargo, nombre_cargo, descripcion_cargo) values (26, 'Subcontractor', 'Family history of other diseases of the respiratory system');
insert into "Cargos" (id_cargo, nombre_cargo, descripcion_cargo) values (27, 'Surveyor', 'Person outside hv veh injured in collision w hv veh nontraf');
insert into "Cargos" (id_cargo, nombre_cargo, descripcion_cargo) values (28, 'Construction Foreman', 'Shock due to being struck by lightning, initial encounter');
insert into "Cargos" (id_cargo, nombre_cargo, descripcion_cargo) values (29, 'Subcontractor', 'Disp fx of glenoid cav of scapula, l shldr, 7thD');
insert into "Cargos" (id_cargo, nombre_cargo, descripcion_cargo) values (30, 'Construction Foreman', 'Toxic effect of unsp spider venom, undetermined, subs encntr');
insert into "Cargos" (id_cargo, nombre_cargo, descripcion_cargo) values (31, 'Project Manager', 'Insect bite (nonvenomous) of penis, sequela');
insert into "Cargos" (id_cargo, nombre_cargo, descripcion_cargo) values (32, 'Project Manager', 'Puncture wound without foreign body of unspecified forearm');
insert into "Cargos" (id_cargo, nombre_cargo, descripcion_cargo) values (33, 'Construction Worker', 'Toxic effect of unsp spider venom, intentional self-harm');
insert into "Cargos" (id_cargo, nombre_cargo, descripcion_cargo) values (34, 'Electrician', 'Displ subtrochnt fx l femr, 7thR');
insert into "Cargos" (id_cargo, nombre_cargo, descripcion_cargo) values (35, 'Construction Expeditor', 'Nondisp oblique fx shaft of humerus, right arm, init');
insert into "Cargos" (id_cargo, nombre_cargo, descripcion_cargo) values (36, 'Architect', 'Nondisplaced transcondylar fracture of right humerus');
insert into "Cargos" (id_cargo, nombre_cargo, descripcion_cargo) values (37, 'Construction Foreman', 'Chromosome inversion in normal individual');
insert into "Cargos" (id_cargo, nombre_cargo, descripcion_cargo) values (38, 'Construction Worker', 'Toxic effect of chloroform, intentional self-harm, init');
insert into "Cargos" (id_cargo, nombre_cargo, descripcion_cargo) values (39, 'Construction Foreman', 'Athscl autologous vein bypass of the extremities w rest pain');
insert into "Cargos" (id_cargo, nombre_cargo, descripcion_cargo) values (40, 'Supervisor', 'Traumatic amputation of shoulder and upper arm');
insert into "Cargos" (id_cargo, nombre_cargo, descripcion_cargo) values (41, 'Supervisor', 'Bacterial sepsis of newborn');
insert into "Cargos" (id_cargo, nombre_cargo, descripcion_cargo) values (42, 'Electrician', 'Corrosion of second degree of unsp lower leg, init encntr');
insert into "Cargos" (id_cargo, nombre_cargo, descripcion_cargo) values (43, 'Subcontractor', 'Nondisp fx of coronoid pro of l ulna, 7thP');
insert into "Cargos" (id_cargo, nombre_cargo, descripcion_cargo) values (44, 'Subcontractor', 'Laceration of urethra, sequela');
insert into "Cargos" (id_cargo, nombre_cargo, descripcion_cargo) values (45, 'Estimator', 'Disp fx of greater tuberosity of unsp humerus, init');
insert into "Cargos" (id_cargo, nombre_cargo, descripcion_cargo) values (46, 'Subcontractor', 'Oth fracture of upper end of right radius, init for clos fx');
insert into "Cargos" (id_cargo, nombre_cargo, descripcion_cargo) values (47, 'Architect', 'Nondisp fx of 3rd metatarsal bone, r ft, 7thP');
insert into "Cargos" (id_cargo, nombre_cargo, descripcion_cargo) values (48, 'Project Manager', 'Partial traumatic MCP amputation of r little finger, subs');
insert into "Cargos" (id_cargo, nombre_cargo, descripcion_cargo) values (49, 'Surveyor', 'Pulmonary tularemia');
insert into "Cargos" (id_cargo, nombre_cargo, descripcion_cargo) values (50, 'Construction Manager', 'Overexertion from repetitive movements, sequela');
insert into "Cargos" (id_cargo, nombre_cargo, descripcion_cargo) values (51, 'Estimator', 'Other chorioretinal scars, bilateral');
insert into "Cargos" (id_cargo, nombre_cargo, descripcion_cargo) values (52, 'Construction Foreman', 'Congenital bladder neck obstruction');
insert into "Cargos" (id_cargo, nombre_cargo, descripcion_cargo) values (53, 'Construction Foreman', 'Unspecified diabetes mellitus in pregnancy');
insert into "Cargos" (id_cargo, nombre_cargo, descripcion_cargo) values (54, 'Project Manager', 'Unsp injury of unsp muscle and tendon at lower leg level');
insert into "Cargos" (id_cargo, nombre_cargo, descripcion_cargo) values (55, 'Engineer', 'Other specified injuries of left elbow, subsequent encounter');
insert into "Cargos" (id_cargo, nombre_cargo, descripcion_cargo) values (56, 'Engineer', 'Oth osteopor w crnt path fx, unsp site, 7thG');
insert into "Cargos" (id_cargo, nombre_cargo, descripcion_cargo) values (57, 'Subcontractor', 'Abnormal result of other cardiovascular function study');
insert into "Cargos" (id_cargo, nombre_cargo, descripcion_cargo) values (58, 'Electrician', 'Lacerat extn musc/fasc/tend at forarm lv, unsp arm, sequela');
insert into "Cargos" (id_cargo, nombre_cargo, descripcion_cargo) values (59, 'Architect', 'Other disorders of bone development and growth');
insert into "Cargos" (id_cargo, nombre_cargo, descripcion_cargo) values (60, 'Construction Manager', 'Blister (nonthermal) of oral cavity, initial encounter');
insert into "Cargos" (id_cargo, nombre_cargo, descripcion_cargo) values (61, 'Construction Expeditor', 'Age-rel osteopor w crnt path fx, l ank/ft, 7thK');
insert into "Cargos" (id_cargo, nombre_cargo, descripcion_cargo) values (62, 'Architect', 'Other hypertrophic osteoarthropathy, unspecified hand');
insert into "Cargos" (id_cargo, nombre_cargo, descripcion_cargo) values (63, 'Subcontractor', 'Insect bite (nonvenomous) of left front wall of thorax, init');
insert into "Cargos" (id_cargo, nombre_cargo, descripcion_cargo) values (64, 'Subcontractor', 'Fx superior rim of left pubis, subs for fx w delay heal');
insert into "Cargos" (id_cargo, nombre_cargo, descripcion_cargo) values (65, 'Construction Expeditor', 'Nondisp fx of third metatarsal bone, right foot, sequela');
insert into "Cargos" (id_cargo, nombre_cargo, descripcion_cargo) values (66, 'Surveyor', 'Unspecified injury of spleen, subsequent encounter');
insert into "Cargos" (id_cargo, nombre_cargo, descripcion_cargo) values (67, 'Supervisor', 'Unspecified physeal fracture of phalanx of left toe, 7thD');
insert into "Cargos" (id_cargo, nombre_cargo, descripcion_cargo) values (68, 'Electrician', 'Injury to barefoot water-skier, initial encounter');
insert into "Cargos" (id_cargo, nombre_cargo, descripcion_cargo) values (69, 'Surveyor', 'Driver of hv veh inj in clsn w statnry object nontraf, init');
insert into "Cargos" (id_cargo, nombre_cargo, descripcion_cargo) values (70, 'Supervisor', 'Acute necrotizing hemorrhagic encephalopathy, unspecified');
insert into "Cargos" (id_cargo, nombre_cargo, descripcion_cargo) values (71, 'Supervisor', 'Other cicatricial alopecia');
insert into "Cargos" (id_cargo, nombre_cargo, descripcion_cargo) values (72, 'Construction Foreman', 'Unsp dislocation of unsp acromioclavicular joint, init');
insert into "Cargos" (id_cargo, nombre_cargo, descripcion_cargo) values (73, 'Surveyor', 'Unspecified chorioretinal inflammation, unspecified eye');
insert into "Cargos" (id_cargo, nombre_cargo, descripcion_cargo) values (74, 'Construction Manager', 'Assault by letter bomb, sequela');
insert into "Cargos" (id_cargo, nombre_cargo, descripcion_cargo) values (75, 'Supervisor', 'Family history of consanguinity');
insert into "Cargos" (id_cargo, nombre_cargo, descripcion_cargo) values (76, 'Construction Foreman', 'Other types of follicular lymphoma, spleen');
insert into "Cargos" (id_cargo, nombre_cargo, descripcion_cargo) values (77, 'Supervisor', 'Toxic effect of fusel oil, accidental, sequela');
insert into "Cargos" (id_cargo, nombre_cargo, descripcion_cargo) values (78, 'Surveyor', 'Bitten by turtle');
insert into "Cargos" (id_cargo, nombre_cargo, descripcion_cargo) values (79, 'Subcontractor', 'Renal agenesis, bilateral');
insert into "Cargos" (id_cargo, nombre_cargo, descripcion_cargo) values (80, 'Estimator', 'Fall from non-moving motorized mobility scooter, init encntr');
insert into "Cargos" (id_cargo, nombre_cargo, descripcion_cargo) values (81, 'Supervisor', 'Nondisp longitud fx unsp patella, 7thR');
insert into "Cargos" (id_cargo, nombre_cargo, descripcion_cargo) values (82, 'Construction Foreman', 'Displ subtrochnt fx r femr, 7thQ');
insert into "Cargos" (id_cargo, nombre_cargo, descripcion_cargo) values (83, 'Subcontractor', 'Poisn by oth parasympath and spasmolytics, assault, sequela');
insert into "Cargos" (id_cargo, nombre_cargo, descripcion_cargo) values (84, 'Construction Expeditor', 'Acute mastoiditis with other complications, bilateral');
insert into "Cargos" (id_cargo, nombre_cargo, descripcion_cargo) values (85, 'Subcontractor', 'Other secondary chronic gout, left wrist, without tophus');
insert into "Cargos" (id_cargo, nombre_cargo, descripcion_cargo) values (86, 'Architect', 'Laceration with foreign body of left upper arm, sequela');
insert into "Cargos" (id_cargo, nombre_cargo, descripcion_cargo) values (87, 'Construction Manager', 'Age-rel osteopor w current path fracture, unsp hand, sequela');
insert into "Cargos" (id_cargo, nombre_cargo, descripcion_cargo) values (88, 'Supervisor', 'Disp fx of nk of 5th MC bone, r hand, subs for fx w malunion');
insert into "Cargos" (id_cargo, nombre_cargo, descripcion_cargo) values (89, 'Subcontractor', 'Toxic effect of venom of tarantula, accidental');
insert into "Cargos" (id_cargo, nombre_cargo, descripcion_cargo) values (90, 'Engineer', 'Varicos vn of l low extrem w ulc oth part of foot and inflam');
insert into "Cargos" (id_cargo, nombre_cargo, descripcion_cargo) values (91, 'Supervisor', 'Oth extrartic fx low end l rad, 7thF');
insert into "Cargos" (id_cargo, nombre_cargo, descripcion_cargo) values (92, 'Construction Expeditor', 'Pathological fracture, right foot, subs for fx w malunion');
insert into "Cargos" (id_cargo, nombre_cargo, descripcion_cargo) values (93, 'Construction Worker', 'Other secondary chronic gout, unsp knee, without tophus');
insert into "Cargos" (id_cargo, nombre_cargo, descripcion_cargo) values (94, 'Construction Expeditor', 'Poisoning by antiviral drugs, undetermined');
insert into "Cargos" (id_cargo, nombre_cargo, descripcion_cargo) values (95, 'Surveyor', 'Unspecified injury of neck, subsequent encounter');
insert into "Cargos" (id_cargo, nombre_cargo, descripcion_cargo) values (96, 'Subcontractor', 'Poisoning by expectorants, intentional self-harm, sequela');
insert into "Cargos" (id_cargo, nombre_cargo, descripcion_cargo) values (97, 'Surveyor', 'Tarsal tunnel syndrome');
insert into "Cargos" (id_cargo, nombre_cargo, descripcion_cargo) values (98, 'Architect', 'Adverse effect of other general anesthetics');
insert into "Cargos" (id_cargo, nombre_cargo, descripcion_cargo) values (99, 'Construction Worker', 'Nondisp suprcndl fx w/o intrcndl extn low end r femr, 7thQ');
insert into "Cargos" (id_cargo, nombre_cargo, descripcion_cargo) values (100, 'Construction Expeditor', 'Displ suprcndl fx w intrcndl extn low end r femr, 7thJ');
insert into "Cargos" (id_cargo, nombre_cargo, descripcion_cargo) values (101, 'Construction Manager', 'Other specified myoneural disorders');
insert into "Cargos" (id_cargo, nombre_cargo, descripcion_cargo) values (102, 'Surveyor', 'Unsp traum nondisp spondylolysis of 7th cervcal vert, 7thB');
insert into "Cargos" (id_cargo, nombre_cargo, descripcion_cargo) values (103, 'Estimator', 'Dehydration of newborn');
insert into "Cargos" (id_cargo, nombre_cargo, descripcion_cargo) values (104, 'Estimator', 'Unstable burst fx first thor vertebra, init for opn fx');
insert into "Cargos" (id_cargo, nombre_cargo, descripcion_cargo) values (105, 'Construction Manager', 'Dislocation of MCP joint of unsp finger, subs');
insert into "Cargos" (id_cargo, nombre_cargo, descripcion_cargo) values (106, 'Construction Expeditor', 'Constitutional tall stature');
insert into "Cargos" (id_cargo, nombre_cargo, descripcion_cargo) values (107, 'Electrician', 'Nondisp transverse fx shaft of l tibia, 7thF');
insert into "Cargos" (id_cargo, nombre_cargo, descripcion_cargo) values (108, 'Construction Foreman', 'Intentional self-harm by knife, subsequent encounter');
insert into "Cargos" (id_cargo, nombre_cargo, descripcion_cargo) values (109, 'Electrician', 'Crushing inj unsp part(s) of r wrist, hand and fingers, subs');
insert into "Cargos" (id_cargo, nombre_cargo, descripcion_cargo) values (110, 'Construction Expeditor', 'Nondisp transverse fx shaft of l fibula, 7thB');
insert into "Cargos" (id_cargo, nombre_cargo, descripcion_cargo) values (111, 'Engineer', 'Nondisp oblique fx shaft of l ulna, 7thM');
insert into "Cargos" (id_cargo, nombre_cargo, descripcion_cargo) values (112, 'Estimator', 'Nondisplaced fracture of neck of other metacarpal bone');
insert into "Cargos" (id_cargo, nombre_cargo, descripcion_cargo) values (113, 'Construction Expeditor', 'Sprain of ribs, sequela');
insert into "Cargos" (id_cargo, nombre_cargo, descripcion_cargo) values (114, 'Construction Foreman', 'Monocytic leukemia, unsp, not having achieved remission');
insert into "Cargos" (id_cargo, nombre_cargo, descripcion_cargo) values (115, 'Estimator', 'Nondisp fx of greater tuberosity of unsp humer, 7thB');
insert into "Cargos" (id_cargo, nombre_cargo, descripcion_cargo) values (116, 'Supervisor', 'Superficial frostbite of left hip and thigh, init encntr');
insert into "Cargos" (id_cargo, nombre_cargo, descripcion_cargo) values (117, 'Architect', 'Underdosing of other antiprotozoal drugs, sequela');
insert into "Cargos" (id_cargo, nombre_cargo, descripcion_cargo) values (118, 'Supervisor', 'Adverse effect of other antiprotozoal drugs');
insert into "Cargos" (id_cargo, nombre_cargo, descripcion_cargo) values (119, 'Engineer', 'Breakdown (mechanical) of surgically created AV fistula');
insert into "Cargos" (id_cargo, nombre_cargo, descripcion_cargo) values (120, 'Construction Expeditor', 'Open bite of abdominal wall, l upr q w/o penet perit cav');
insert into "Cargos" (id_cargo, nombre_cargo, descripcion_cargo) values (121, 'Construction Manager', 'Other disorders of prepuce');
insert into "Cargos" (id_cargo, nombre_cargo, descripcion_cargo) values (122, 'Construction Expeditor', 'Burn third degree of single l finger except thumb, sqla');
insert into "Cargos" (id_cargo, nombre_cargo, descripcion_cargo) values (123, 'Supervisor', 'Oth local infections of the skin and subcutaneous tissue');
insert into "Cargos" (id_cargo, nombre_cargo, descripcion_cargo) values (124, 'Construction Foreman', 'Nondisplaced pilon fracture of right tibia, init for clos fx');
insert into "Cargos" (id_cargo, nombre_cargo, descripcion_cargo) values (125, 'Construction Expeditor', 'Other sprain of unspecified foot, initial encounter');
insert into "Cargos" (id_cargo, nombre_cargo, descripcion_cargo) values (126, 'Construction Foreman', 'Chronic migraine without aura, intractable');
insert into "Cargos" (id_cargo, nombre_cargo, descripcion_cargo) values (127, 'Construction Manager', 'Acute hematogenous osteomyelitis, unspecified hand');
insert into "Cargos" (id_cargo, nombre_cargo, descripcion_cargo) values (128, 'Construction Worker', 'Milt op involving fragments from weapons, milt, subs');
insert into "Cargos" (id_cargo, nombre_cargo, descripcion_cargo) values (129, 'Electrician', 'Unsp inj blood vessels at forarm lv, right arm, sequela');
insert into "Cargos" (id_cargo, nombre_cargo, descripcion_cargo) values (130, 'Engineer', 'Type II occipital condyle fracture, right side, 7thG');
insert into "Cargos" (id_cargo, nombre_cargo, descripcion_cargo) values (131, 'Engineer', 'Poisoning by therapeutic gases, assault, sequela');
insert into "Cargos" (id_cargo, nombre_cargo, descripcion_cargo) values (132, 'Surveyor', 'Corrosion of second degree of unspecified elbow');
insert into "Cargos" (id_cargo, nombre_cargo, descripcion_cargo) values (133, 'Project Manager', 'Mooren''s corneal ulcer, bilateral');
insert into "Cargos" (id_cargo, nombre_cargo, descripcion_cargo) values (134, 'Construction Manager', 'Osteochondritis dissecans, left shoulder');
insert into "Cargos" (id_cargo, nombre_cargo, descripcion_cargo) values (135, 'Construction Foreman', 'Oth fracture of left lower leg, subs for clos fx w malunion');
insert into "Cargos" (id_cargo, nombre_cargo, descripcion_cargo) values (136, 'Electrician', 'Oth fx upr end r rad, 7thJ');
insert into "Cargos" (id_cargo, nombre_cargo, descripcion_cargo) values (137, 'Construction Manager', 'External constriction of right little finger, sequela');
insert into "Cargos" (id_cargo, nombre_cargo, descripcion_cargo) values (138, 'Electrician', 'Path fx in oth disease, unsp femur, subs for fx w nonunion');
insert into "Cargos" (id_cargo, nombre_cargo, descripcion_cargo) values (139, 'Surveyor', 'Bone and joint lesions of yaws');
insert into "Cargos" (id_cargo, nombre_cargo, descripcion_cargo) values (140, 'Estimator', 'Lateral subluxation and dislocation of ulnohumeral joint');
insert into "Cargos" (id_cargo, nombre_cargo, descripcion_cargo) values (141, 'Estimator', 'Wedge compression fracture of first lumbar vertebra, init');
insert into "Cargos" (id_cargo, nombre_cargo, descripcion_cargo) values (142, 'Supervisor', 'Pnctr w/o foreign body of thmb w/o damage to nail, sequela');
insert into "Cargos" (id_cargo, nombre_cargo, descripcion_cargo) values (143, 'Architect', 'Vertiginous syndromes in diseases classified elsewhere');
insert into "Cargos" (id_cargo, nombre_cargo, descripcion_cargo) values (144, 'Estimator', 'Oth rheumatoid arthritis w rheumatoid factor of right wrist');
insert into "Cargos" (id_cargo, nombre_cargo, descripcion_cargo) values (145, 'Architect', 'Other disorders of choroid');
insert into "Cargos" (id_cargo, nombre_cargo, descripcion_cargo) values (146, 'Estimator', 'Poisoning by other psychotropic drugs, assault, init encntr');
insert into "Cargos" (id_cargo, nombre_cargo, descripcion_cargo) values (147, 'Electrician', 'Fatigue fracture of vertebra, occipt-atlan-ax region, sqla');
insert into "Cargos" (id_cargo, nombre_cargo, descripcion_cargo) values (148, 'Construction Manager', 'Cereb infrc due to unsp occls or stenosis of left verteb art');
insert into "Cargos" (id_cargo, nombre_cargo, descripcion_cargo) values (149, 'Surveyor', 'Disp fx of prox 3rd of navic bone of unsp wrs, 7thD');
insert into "Cargos" (id_cargo, nombre_cargo, descripcion_cargo) values (150, 'Construction Foreman', 'Injury of radial nerve at forearm level, unsp arm, init');
insert into "Cargos" (id_cargo, nombre_cargo, descripcion_cargo) values (151, 'Project Manager', 'Unsp fx lower end of unsp ulna, init for opn fx type I/2');
insert into "Cargos" (id_cargo, nombre_cargo, descripcion_cargo) values (152, 'Architect', 'Keratopathy (bullous aphakic) fol cataract surgery, unsp eye');
insert into "Cargos" (id_cargo, nombre_cargo, descripcion_cargo) values (153, 'Supervisor', 'Laceration of flexor musc/fasc/tend unsp finger at forarm lv');
insert into "Cargos" (id_cargo, nombre_cargo, descripcion_cargo) values (154, 'Electrician', 'Prsn brd/alit a car injured in collision w hv veh, init');
insert into "Cargos" (id_cargo, nombre_cargo, descripcion_cargo) values (155, 'Project Manager', 'Nondisp trimalleol fx r low leg, 7thM');
insert into "Cargos" (id_cargo, nombre_cargo, descripcion_cargo) values (156, 'Architect', 'Congenital and hereditary thrombocytopenia purpura');
insert into "Cargos" (id_cargo, nombre_cargo, descripcion_cargo) values (157, 'Estimator', 'Other streptococcal arthritis, unspecified joint');
insert into "Cargos" (id_cargo, nombre_cargo, descripcion_cargo) values (158, 'Construction Manager', 'Unsp fracture of upper end of left radius, init for clos fx');
insert into "Cargos" (id_cargo, nombre_cargo, descripcion_cargo) values (159, 'Surveyor', 'Glaucoma secondary to eye trauma, right eye, stage unsp');
insert into "Cargos" (id_cargo, nombre_cargo, descripcion_cargo) values (160, 'Construction Manager', 'Underdosing of other estrogens and progestogens, init encntr');
insert into "Cargos" (id_cargo, nombre_cargo, descripcion_cargo) values (161, 'Subcontractor', 'Corros unsp deg mult right fngr (nail), not inc thumb, init');
insert into "Cargos" (id_cargo, nombre_cargo, descripcion_cargo) values (162, 'Construction Expeditor', 'Other specified rheumatoid arthritis, left knee');
insert into "Cargos" (id_cargo, nombre_cargo, descripcion_cargo) values (163, 'Electrician', 'Onycholysis');
insert into "Cargos" (id_cargo, nombre_cargo, descripcion_cargo) values (164, 'Construction Manager', 'Laceration w fb of r little finger w damage to nail');
insert into "Cargos" (id_cargo, nombre_cargo, descripcion_cargo) values (165, 'Construction Worker', 'Gastric contents in pharynx causing oth injury, subs encntr');
insert into "Cargos" (id_cargo, nombre_cargo, descripcion_cargo) values (166, 'Architect', 'Burns of oth parts of left eye and adnexa, init encntr');
insert into "Cargos" (id_cargo, nombre_cargo, descripcion_cargo) values (167, 'Construction Foreman', 'Interstitial myositis of unspecified site');
insert into "Cargos" (id_cargo, nombre_cargo, descripcion_cargo) values (168, 'Supervisor', 'Other optic atrophy');
insert into "Cargos" (id_cargo, nombre_cargo, descripcion_cargo) values (169, 'Project Manager', 'Burn third degree of unsp mult fngr, not inc thumb, sqla');
insert into "Cargos" (id_cargo, nombre_cargo, descripcion_cargo) values (170, 'Architect', 'Hordeolum externum left lower eyelid');
insert into "Cargos" (id_cargo, nombre_cargo, descripcion_cargo) values (171, 'Subcontractor', 'Displaced transverse fracture of shaft of unsp ulna, sequela');
insert into "Cargos" (id_cargo, nombre_cargo, descripcion_cargo) values (172, 'Supervisor', 'War operations involving oth fire/hot subst, civilian, subs');
insert into "Cargos" (id_cargo, nombre_cargo, descripcion_cargo) values (173, 'Construction Expeditor', 'Unspecified injury of femoral artery, left leg');
insert into "Cargos" (id_cargo, nombre_cargo, descripcion_cargo) values (174, 'Architect', 'Chronic embolism and thombos unsp deep veins of l low extrem');
insert into "Cargos" (id_cargo, nombre_cargo, descripcion_cargo) values (175, 'Electrician', 'Strain of musc/fasc/tend long hd bicep, right arm, sequela');
insert into "Cargos" (id_cargo, nombre_cargo, descripcion_cargo) values (176, 'Subcontractor', 'Excessive, frequent and irregular menstruation');
insert into "Cargos" (id_cargo, nombre_cargo, descripcion_cargo) values (177, 'Electrician', 'Path fx in neopltc disease, l shldr, subs for fx w nonunion');
insert into "Cargos" (id_cargo, nombre_cargo, descripcion_cargo) values (178, 'Subcontractor', 'Corrosion of second degree of unspecified lower leg');
insert into "Cargos" (id_cargo, nombre_cargo, descripcion_cargo) values (179, 'Construction Manager', 'Nondisp transverse fx unsp patella, 7thH');
insert into "Cargos" (id_cargo, nombre_cargo, descripcion_cargo) values (180, 'Estimator', 'Myringotomy tube(s) status');
insert into "Cargos" (id_cargo, nombre_cargo, descripcion_cargo) values (181, 'Construction Foreman', 'Fx unsp metatarsal bone(s), left foot, init for opn fx');
insert into "Cargos" (id_cargo, nombre_cargo, descripcion_cargo) values (182, 'Architect', 'Inj oth blood vessels at hip and thigh level, left leg');
insert into "Cargos" (id_cargo, nombre_cargo, descripcion_cargo) values (183, 'Electrician', 'Other specified mononeuropathies of unspecified upper limb');
insert into "Cargos" (id_cargo, nombre_cargo, descripcion_cargo) values (184, 'Engineer', 'Posterior dislocation of proximal end of tibia, right knee');
insert into "Cargos" (id_cargo, nombre_cargo, descripcion_cargo) values (185, 'Construction Foreman', 'Toxic effect of oth insecticides, undetermined, init encntr');
insert into "Cargos" (id_cargo, nombre_cargo, descripcion_cargo) values (186, 'Construction Worker', 'Conn tiss and disc stenosis of intvrt foramin of head region');
insert into "Cargos" (id_cargo, nombre_cargo, descripcion_cargo) values (187, 'Project Manager', 'Nondisplaced bicondylar fracture of right tibia, sequela');
insert into "Cargos" (id_cargo, nombre_cargo, descripcion_cargo) values (188, 'Construction Expeditor', 'Glaucoma secondary to eye trauma, left eye, mild stage');
insert into "Cargos" (id_cargo, nombre_cargo, descripcion_cargo) values (189, 'Construction Worker', 'Other hypertrophic osteoarthropathy');
insert into "Cargos" (id_cargo, nombre_cargo, descripcion_cargo) values (190, 'Supervisor', 'Complete traumatic amputation of right breast');
insert into "Cargos" (id_cargo, nombre_cargo, descripcion_cargo) values (191, 'Engineer', 'Nontraumatic ischemic infarction of muscle, unsp shoulder');
insert into "Cargos" (id_cargo, nombre_cargo, descripcion_cargo) values (192, 'Surveyor', 'Superficial foreign body, right ankle, initial encounter');
insert into "Cargos" (id_cargo, nombre_cargo, descripcion_cargo) values (193, 'Construction Foreman', 'Flexion deformity, left shoulder');
insert into "Cargos" (id_cargo, nombre_cargo, descripcion_cargo) values (194, 'Construction Worker', 'Unsp injury of intrinsic msl/tnd at ank/ft level, right foot');
insert into "Cargos" (id_cargo, nombre_cargo, descripcion_cargo) values (195, 'Construction Manager', 'Mech compl of cardiac pulse generator (battery), init encntr');
insert into "Cargos" (id_cargo, nombre_cargo, descripcion_cargo) values (196, 'Supervisor', 'Unsp comp of fb acc left in body fol injection or immuniz');
insert into "Cargos" (id_cargo, nombre_cargo, descripcion_cargo) values (197, 'Surveyor', 'Juvenile osteochondrosis of spine, site unspecified');
insert into "Cargos" (id_cargo, nombre_cargo, descripcion_cargo) values (198, 'Project Manager', 'Other problems related to housing and economic circumstances');
insert into "Cargos" (id_cargo, nombre_cargo, descripcion_cargo) values (199, 'Project Manager', 'Nondisp fx of lateral end of right clavicle, sequela');
insert into "Cargos" (id_cargo, nombre_cargo, descripcion_cargo) values (200, 'Construction Expeditor', 'Lacerat msl/fasc/tnd post grp at thi lev, left thigh, subs');


insert into "Trabajadores" (id_persona, id_cine, id_cargo) values (1, 48, 86);
insert into "Trabajadores" (id_persona, id_cine, id_cargo) values (2, 9, 70);
insert into "Trabajadores" (id_persona, id_cine, id_cargo) values (3, 74, 59);
insert into "Trabajadores" (id_persona, id_cine, id_cargo) values (4, 70, 19);
insert into "Trabajadores" (id_persona, id_cine, id_cargo) values (5, 6, 13);
insert into "Trabajadores" (id_persona, id_cine, id_cargo) values (6, 14, 25);
insert into "Trabajadores" (id_persona, id_cine, id_cargo) values (7, 83, 51);
insert into "Trabajadores" (id_persona, id_cine, id_cargo) values (8, 79, 74);
insert into "Trabajadores" (id_persona, id_cine, id_cargo) values (9, 78, 7);
insert into "Trabajadores" (id_persona, id_cine, id_cargo) values (10, 29, 73);
insert into "Trabajadores" (id_persona, id_cine, id_cargo) values (11, 98, 7);
insert into "Trabajadores" (id_persona, id_cine, id_cargo) values (12, 27, 64);
insert into "Trabajadores" (id_persona, id_cine, id_cargo) values (13, 26, 35);
insert into "Trabajadores" (id_persona, id_cine, id_cargo) values (14, 77, 56);
insert into "Trabajadores" (id_persona, id_cine, id_cargo) values (15, 64, 97);
insert into "Trabajadores" (id_persona, id_cine, id_cargo) values (16, 63, 8);
insert into "Trabajadores" (id_persona, id_cine, id_cargo) values (17, 92, 95);
insert into "Trabajadores" (id_persona, id_cine, id_cargo) values (18, 94, 41);
insert into "Trabajadores" (id_persona, id_cine, id_cargo) values (19, 46, 42);
insert into "Trabajadores" (id_persona, id_cine, id_cargo) values (20, 37, 64);
insert into "Trabajadores" (id_persona, id_cine, id_cargo) values (21, 95, 93);
insert into "Trabajadores" (id_persona, id_cine, id_cargo) values (22, 35, 95);
insert into "Trabajadores" (id_persona, id_cine, id_cargo) values (23, 68, 79);
insert into "Trabajadores" (id_persona, id_cine, id_cargo) values (24, 58, 23);
insert into "Trabajadores" (id_persona, id_cine, id_cargo) values (25, 9, 91);
insert into "Trabajadores" (id_persona, id_cine, id_cargo) values (26, 19, 81);
insert into "Trabajadores" (id_persona, id_cine, id_cargo) values (27, 66, 80);
insert into "Trabajadores" (id_persona, id_cine, id_cargo) values (28, 5, 59);
insert into "Trabajadores" (id_persona, id_cine, id_cargo) values (29, 75, 84);
insert into "Trabajadores" (id_persona, id_cine, id_cargo) values (30, 98, 86);
insert into "Trabajadores" (id_persona, id_cine, id_cargo) values (31, 58, 19);
insert into "Trabajadores" (id_persona, id_cine, id_cargo) values (32, 38, 100);
insert into "Trabajadores" (id_persona, id_cine, id_cargo) values (33, 23, 4);
insert into "Trabajadores" (id_persona, id_cine, id_cargo) values (34, 72, 85);
insert into "Trabajadores" (id_persona, id_cine, id_cargo) values (35, 39, 68);
insert into "Trabajadores" (id_persona, id_cine, id_cargo) values (36, 83, 77);
insert into "Trabajadores" (id_persona, id_cine, id_cargo) values (37, 98, 70);
insert into "Trabajadores" (id_persona, id_cine, id_cargo) values (38, 6, 78);
insert into "Trabajadores" (id_persona, id_cine, id_cargo) values (39, 73, 7);
insert into "Trabajadores" (id_persona, id_cine, id_cargo) values (40, 67, 4);
insert into "Trabajadores" (id_persona, id_cine, id_cargo) values (41, 79, 81);
insert into "Trabajadores" (id_persona, id_cine, id_cargo) values (42, 17, 40);
insert into "Trabajadores" (id_persona, id_cine, id_cargo) values (43, 96, 41);
insert into "Trabajadores" (id_persona, id_cine, id_cargo) values (44, 29, 18);
insert into "Trabajadores" (id_persona, id_cine, id_cargo) values (45, 43, 72);
insert into "Trabajadores" (id_persona, id_cine, id_cargo) values (46, 32, 20);
insert into "Trabajadores" (id_persona, id_cine, id_cargo) values (47, 38, 79);
insert into "Trabajadores" (id_persona, id_cine, id_cargo) values (48, 27, 27);
insert into "Trabajadores" (id_persona, id_cine, id_cargo) values (49, 13, 4);
insert into "Trabajadores" (id_persona, id_cine, id_cargo) values (50, 16, 32);
insert into "Trabajadores" (id_persona, id_cine, id_cargo) values (51, 28, 20);
insert into "Trabajadores" (id_persona, id_cine, id_cargo) values (52, 44, 72);
insert into "Trabajadores" (id_persona, id_cine, id_cargo) values (53, 59, 27);
insert into "Trabajadores" (id_persona, id_cine, id_cargo) values (54, 39, 49);
insert into "Trabajadores" (id_persona, id_cine, id_cargo) values (55, 41, 94);
insert into "Trabajadores" (id_persona, id_cine, id_cargo) values (56, 93, 85);
insert into "Trabajadores" (id_persona, id_cine, id_cargo) values (57, 23, 47);
insert into "Trabajadores" (id_persona, id_cine, id_cargo) values (58, 67, 6);
insert into "Trabajadores" (id_persona, id_cine, id_cargo) values (59, 5, 77);
insert into "Trabajadores" (id_persona, id_cine, id_cargo) values (60, 54, 57);
insert into "Trabajadores" (id_persona, id_cine, id_cargo) values (61, 52, 62);
insert into "Trabajadores" (id_persona, id_cine, id_cargo) values (62, 98, 45);
insert into "Trabajadores" (id_persona, id_cine, id_cargo) values (63, 32, 72);
insert into "Trabajadores" (id_persona, id_cine, id_cargo) values (64, 22, 97);
insert into "Trabajadores" (id_persona, id_cine, id_cargo) values (65, 70, 37);
insert into "Trabajadores" (id_persona, id_cine, id_cargo) values (66, 87, 27);
insert into "Trabajadores" (id_persona, id_cine, id_cargo) values (67, 36, 61);
insert into "Trabajadores" (id_persona, id_cine, id_cargo) values (68, 91, 69);
insert into "Trabajadores" (id_persona, id_cine, id_cargo) values (69, 17, 78);
insert into "Trabajadores" (id_persona, id_cine, id_cargo) values (70, 87, 39);
insert into "Trabajadores" (id_persona, id_cine, id_cargo) values (71, 85, 40);
insert into "Trabajadores" (id_persona, id_cine, id_cargo) values (72, 77, 96);
insert into "Trabajadores" (id_persona, id_cine, id_cargo) values (73, 35, 2);
insert into "Trabajadores" (id_persona, id_cine, id_cargo) values (74, 92, 96);
insert into "Trabajadores" (id_persona, id_cine, id_cargo) values (75, 81, 24);
insert into "Trabajadores" (id_persona, id_cine, id_cargo) values (76, 44, 96);
insert into "Trabajadores" (id_persona, id_cine, id_cargo) values (77, 100, 57);
insert into "Trabajadores" (id_persona, id_cine, id_cargo) values (78, 61, 24);
insert into "Trabajadores" (id_persona, id_cine, id_cargo) values (79, 84, 96);
insert into "Trabajadores" (id_persona, id_cine, id_cargo) values (80, 34, 42);
insert into "Trabajadores" (id_persona, id_cine, id_cargo) values (81, 87, 47);
insert into "Trabajadores" (id_persona, id_cine, id_cargo) values (82, 32, 6);
insert into "Trabajadores" (id_persona, id_cine, id_cargo) values (83, 74, 91);
insert into "Trabajadores" (id_persona, id_cine, id_cargo) values (84, 44, 93);
insert into "Trabajadores" (id_persona, id_cine, id_cargo) values (85, 25, 10);
insert into "Trabajadores" (id_persona, id_cine, id_cargo) values (86, 25, 100);
insert into "Trabajadores" (id_persona, id_cine, id_cargo) values (87, 9, 41);
insert into "Trabajadores" (id_persona, id_cine, id_cargo) values (88, 12, 33);
insert into "Trabajadores" (id_persona, id_cine, id_cargo) values (89, 6, 41);
insert into "Trabajadores" (id_persona, id_cine, id_cargo) values (90, 52, 75);
insert into "Trabajadores" (id_persona, id_cine, id_cargo) values (91, 54, 57);
insert into "Trabajadores" (id_persona, id_cine, id_cargo) values (92, 14, 63);
insert into "Trabajadores" (id_persona, id_cine, id_cargo) values (93, 8, 84);
insert into "Trabajadores" (id_persona, id_cine, id_cargo) values (94, 5, 63);
insert into "Trabajadores" (id_persona, id_cine, id_cargo) values (95, 8, 12);
insert into "Trabajadores" (id_persona, id_cine, id_cargo) values (96, 31, 82);
insert into "Trabajadores" (id_persona, id_cine, id_cargo) values (97, 64, 1);
insert into "Trabajadores" (id_persona, id_cine, id_cargo) values (98, 12, 5);
insert into "Trabajadores" (id_persona, id_cine, id_cargo) values (99, 46, 52);
insert into "Trabajadores" (id_persona, id_cine, id_cargo) values (100, 39, 45);
insert into "Trabajadores" (id_persona, id_cine, id_cargo) values (101, 33, 29);
insert into "Trabajadores" (id_persona, id_cine, id_cargo) values (102, 29, 92);
insert into "Trabajadores" (id_persona, id_cine, id_cargo) values (103, 21, 31);
insert into "Trabajadores" (id_persona, id_cine, id_cargo) values (104, 56, 55);
insert into "Trabajadores" (id_persona, id_cine, id_cargo) values (105, 69, 65);
insert into "Trabajadores" (id_persona, id_cine, id_cargo) values (106, 58, 78);
insert into "Trabajadores" (id_persona, id_cine, id_cargo) values (107, 7, 61);
insert into "Trabajadores" (id_persona, id_cine, id_cargo) values (108, 65, 81);
insert into "Trabajadores" (id_persona, id_cine, id_cargo) values (109, 18, 88);
insert into "Trabajadores" (id_persona, id_cine, id_cargo) values (110, 59, 34);
insert into "Trabajadores" (id_persona, id_cine, id_cargo) values (111, 67, 93);
insert into "Trabajadores" (id_persona, id_cine, id_cargo) values (112, 45, 75);
insert into "Trabajadores" (id_persona, id_cine, id_cargo) values (113, 44, 2);
insert into "Trabajadores" (id_persona, id_cine, id_cargo) values (114, 62, 48);
insert into "Trabajadores" (id_persona, id_cine, id_cargo) values (115, 46, 25);
insert into "Trabajadores" (id_persona, id_cine, id_cargo) values (116, 72, 57);
insert into "Trabajadores" (id_persona, id_cine, id_cargo) values (117, 54, 37);
insert into "Trabajadores" (id_persona, id_cine, id_cargo) values (118, 42, 15);
insert into "Trabajadores" (id_persona, id_cine, id_cargo) values (119, 23, 26);
insert into "Trabajadores" (id_persona, id_cine, id_cargo) values (120, 38, 92);
insert into "Trabajadores" (id_persona, id_cine, id_cargo) values (121, 93, 71);
insert into "Trabajadores" (id_persona, id_cine, id_cargo) values (122, 93, 82);
insert into "Trabajadores" (id_persona, id_cine, id_cargo) values (123, 32, 55);
insert into "Trabajadores" (id_persona, id_cine, id_cargo) values (124, 54, 17);
insert into "Trabajadores" (id_persona, id_cine, id_cargo) values (125, 12, 85);
insert into "Trabajadores" (id_persona, id_cine, id_cargo) values (126, 17, 60);
insert into "Trabajadores" (id_persona, id_cine, id_cargo) values (127, 90, 10);
insert into "Trabajadores" (id_persona, id_cine, id_cargo) values (128, 57, 42);
insert into "Trabajadores" (id_persona, id_cine, id_cargo) values (129, 69, 15);
insert into "Trabajadores" (id_persona, id_cine, id_cargo) values (130, 71, 60);
insert into "Trabajadores" (id_persona, id_cine, id_cargo) values (131, 79, 95);
insert into "Trabajadores" (id_persona, id_cine, id_cargo) values (132, 94, 100);
insert into "Trabajadores" (id_persona, id_cine, id_cargo) values (133, 56, 22);
insert into "Trabajadores" (id_persona, id_cine, id_cargo) values (134, 23, 35);
insert into "Trabajadores" (id_persona, id_cine, id_cargo) values (135, 74, 45);
insert into "Trabajadores" (id_persona, id_cine, id_cargo) values (136, 5, 58);
insert into "Trabajadores" (id_persona, id_cine, id_cargo) values (137, 33, 8);
insert into "Trabajadores" (id_persona, id_cine, id_cargo) values (138, 93, 41);
insert into "Trabajadores" (id_persona, id_cine, id_cargo) values (139, 70, 40);
insert into "Trabajadores" (id_persona, id_cine, id_cargo) values (140, 88, 26);
insert into "Trabajadores" (id_persona, id_cine, id_cargo) values (141, 41, 67);
insert into "Trabajadores" (id_persona, id_cine, id_cargo) values (142, 18, 94);
insert into "Trabajadores" (id_persona, id_cine, id_cargo) values (143, 1, 86);
insert into "Trabajadores" (id_persona, id_cine, id_cargo) values (144, 51, 1);
insert into "Trabajadores" (id_persona, id_cine, id_cargo) values (145, 21, 75);
insert into "Trabajadores" (id_persona, id_cine, id_cargo) values (146, 51, 50);
insert into "Trabajadores" (id_persona, id_cine, id_cargo) values (147, 59, 12);
insert into "Trabajadores" (id_persona, id_cine, id_cargo) values (148, 76, 44);
insert into "Trabajadores" (id_persona, id_cine, id_cargo) values (149, 5, 46);
insert into "Trabajadores" (id_persona, id_cine, id_cargo) values (150, 78, 55);
insert into "Trabajadores" (id_persona, id_cine, id_cargo) values (151, 19, 98);
insert into "Trabajadores" (id_persona, id_cine, id_cargo) values (152, 6, 26);
insert into "Trabajadores" (id_persona, id_cine, id_cargo) values (153, 20, 91);
insert into "Trabajadores" (id_persona, id_cine, id_cargo) values (154, 27, 22);
insert into "Trabajadores" (id_persona, id_cine, id_cargo) values (155, 72, 11);
insert into "Trabajadores" (id_persona, id_cine, id_cargo) values (156, 9, 99);
insert into "Trabajadores" (id_persona, id_cine, id_cargo) values (157, 8, 28);
insert into "Trabajadores" (id_persona, id_cine, id_cargo) values (158, 18, 73);
insert into "Trabajadores" (id_persona, id_cine, id_cargo) values (159, 63, 80);
insert into "Trabajadores" (id_persona, id_cine, id_cargo) values (160, 64, 15);
insert into "Trabajadores" (id_persona, id_cine, id_cargo) values (161, 9, 5);
insert into "Trabajadores" (id_persona, id_cine, id_cargo) values (162, 41, 55);
insert into "Trabajadores" (id_persona, id_cine, id_cargo) values (163, 32, 88);
insert into "Trabajadores" (id_persona, id_cine, id_cargo) values (164, 14, 29);
insert into "Trabajadores" (id_persona, id_cine, id_cargo) values (165, 11, 37);
insert into "Trabajadores" (id_persona, id_cine, id_cargo) values (166, 20, 1);
insert into "Trabajadores" (id_persona, id_cine, id_cargo) values (167, 94, 67);
insert into "Trabajadores" (id_persona, id_cine, id_cargo) values (168, 23, 80);
insert into "Trabajadores" (id_persona, id_cine, id_cargo) values (169, 28, 69);
insert into "Trabajadores" (id_persona, id_cine, id_cargo) values (170, 38, 48);
insert into "Trabajadores" (id_persona, id_cine, id_cargo) values (171, 43, 74);
insert into "Trabajadores" (id_persona, id_cine, id_cargo) values (172, 21, 37);
insert into "Trabajadores" (id_persona, id_cine, id_cargo) values (173, 64, 26);
insert into "Trabajadores" (id_persona, id_cine, id_cargo) values (174, 15, 62);
insert into "Trabajadores" (id_persona, id_cine, id_cargo) values (175, 13, 31);
insert into "Trabajadores" (id_persona, id_cine, id_cargo) values (176, 66, 6);
insert into "Trabajadores" (id_persona, id_cine, id_cargo) values (177, 34, 100);
insert into "Trabajadores" (id_persona, id_cine, id_cargo) values (178, 25, 10);
insert into "Trabajadores" (id_persona, id_cine, id_cargo) values (179, 48, 21);
insert into "Trabajadores" (id_persona, id_cine, id_cargo) values (180, 55, 99);
insert into "Trabajadores" (id_persona, id_cine, id_cargo) values (181, 14, 22);
insert into "Trabajadores" (id_persona, id_cine, id_cargo) values (182, 67, 89);
insert into "Trabajadores" (id_persona, id_cine, id_cargo) values (183, 2, 64);
insert into "Trabajadores" (id_persona, id_cine, id_cargo) values (184, 39, 50);
insert into "Trabajadores" (id_persona, id_cine, id_cargo) values (185, 99, 10);
insert into "Trabajadores" (id_persona, id_cine, id_cargo) values (186, 98, 70);
insert into "Trabajadores" (id_persona, id_cine, id_cargo) values (187, 48, 61);
insert into "Trabajadores" (id_persona, id_cine, id_cargo) values (188, 4, 49);
insert into "Trabajadores" (id_persona, id_cine, id_cargo) values (189, 24, 66);
insert into "Trabajadores" (id_persona, id_cine, id_cargo) values (190, 44, 44);
insert into "Trabajadores" (id_persona, id_cine, id_cargo) values (191, 11, 98);
insert into "Trabajadores" (id_persona, id_cine, id_cargo) values (192, 49, 1);
insert into "Trabajadores" (id_persona, id_cine, id_cargo) values (193, 31, 54);
insert into "Trabajadores" (id_persona, id_cine, id_cargo) values (194, 73, 17);
insert into "Trabajadores" (id_persona, id_cine, id_cargo) values (195, 32, 13);
insert into "Trabajadores" (id_persona, id_cine, id_cargo) values (196, 57, 99);
insert into "Trabajadores" (id_persona, id_cine, id_cargo) values (197, 1, 85);
insert into "Trabajadores" (id_persona, id_cine, id_cargo) values (198, 89, 32);
insert into "Trabajadores" (id_persona, id_cine, id_cargo) values (199, 42, 64);
insert into "Trabajadores" (id_persona, id_cine, id_cargo) values (200, 57, 23);


insert into "Comidas" (id_comida, nombre_comida) values (1, 'Pork - Sausage Casing');
insert into "Comidas" (id_comida, nombre_comida) values (2, 'Mangostein');
insert into "Comidas" (id_comida, nombre_comida) values (3, 'Pastry - Chocolate Marble Tea');
insert into "Comidas" (id_comida, nombre_comida) values (4, 'Stock - Beef, Brown');
insert into "Comidas" (id_comida, nombre_comida) values (5, 'Berry Brulee');
insert into "Comidas" (id_comida, nombre_comida) values (6, 'White Fish - Filets');
insert into "Comidas" (id_comida, nombre_comida) values (7, 'Seedlings - Buckwheat, Organic');
insert into "Comidas" (id_comida, nombre_comida) values (8, 'Goldschalger');
insert into "Comidas" (id_comida, nombre_comida) values (9, 'Cafe Royale');
insert into "Comidas" (id_comida, nombre_comida) values (10, 'Lettuce - Radicchio');
insert into "Comidas" (id_comida, nombre_comida) values (11, 'Flower - Commercial Bronze');
insert into "Comidas" (id_comida, nombre_comida) values (12, 'Glaze - Clear');
insert into "Comidas" (id_comida, nombre_comida) values (13, 'Cream - 10%');
insert into "Comidas" (id_comida, nombre_comida) values (14, 'Veal Inside - Provimi');
insert into "Comidas" (id_comida, nombre_comida) values (15, 'White Baguette');
insert into "Comidas" (id_comida, nombre_comida) values (16, 'Scallops - 10/20');
insert into "Comidas" (id_comida, nombre_comida) values (17, 'Cheese - Grana Padano');
insert into "Comidas" (id_comida, nombre_comida) values (18, 'Milk 2% 500 Ml');
insert into "Comidas" (id_comida, nombre_comida) values (19, 'Gherkin');
insert into "Comidas" (id_comida, nombre_comida) values (20, 'Cheese - Gouda Smoked');
insert into "Comidas" (id_comida, nombre_comida) values (21, 'Green Scrubbie Pad H.duty');
insert into "Comidas" (id_comida, nombre_comida) values (22, 'Shrimp, Dried, Small / Lb');
insert into "Comidas" (id_comida, nombre_comida) values (23, 'Cleaner - Lime Away');
insert into "Comidas" (id_comida, nombre_comida) values (24, 'Crab - Blue, Frozen');
insert into "Comidas" (id_comida, nombre_comida) values (25, 'Bar Mix - Lemon');
insert into "Comidas" (id_comida, nombre_comida) values (26, 'Cheese - Feta');
insert into "Comidas" (id_comida, nombre_comida) values (27, 'Peas - Frozen');
insert into "Comidas" (id_comida, nombre_comida) values (28, 'Lotus Rootlets - Canned');
insert into "Comidas" (id_comida, nombre_comida) values (29, 'Lettuce - Romaine, Heart');
insert into "Comidas" (id_comida, nombre_comida) values (30, 'Pasta - Penne Primavera, Single');
insert into "Comidas" (id_comida, nombre_comida) values (31, 'Pimento - Canned');
insert into "Comidas" (id_comida, nombre_comida) values (32, 'Coconut Milk - Unsweetened');
insert into "Comidas" (id_comida, nombre_comida) values (33, 'Wine - Fontanafredda Barolo');
insert into "Comidas" (id_comida, nombre_comida) values (34, 'Devonshire Cream');
insert into "Comidas" (id_comida, nombre_comida) values (35, 'Puree - Pear');
insert into "Comidas" (id_comida, nombre_comida) values (36, 'Country Roll');
insert into "Comidas" (id_comida, nombre_comida) values (37, 'Sauce - Demi Glace');
insert into "Comidas" (id_comida, nombre_comida) values (38, 'Poppy Seed');
insert into "Comidas" (id_comida, nombre_comida) values (39, 'Creme De Banane - Marie');
insert into "Comidas" (id_comida, nombre_comida) values (40, 'Gatorade - Fruit Punch');
insert into "Comidas" (id_comida, nombre_comida) values (41, 'Coriander - Seed');
insert into "Comidas" (id_comida, nombre_comida) values (42, 'Soda Water - Club Soda, 355 Ml');
insert into "Comidas" (id_comida, nombre_comida) values (43, 'Bread - Rolls, Corn');
insert into "Comidas" (id_comida, nombre_comida) values (44, 'Vinegar - Sherry');
insert into "Comidas" (id_comida, nombre_comida) values (45, 'Cookies - Englishbay Oatmeal');
insert into "Comidas" (id_comida, nombre_comida) values (46, 'Wine - Riesling Alsace Ac 2001');
insert into "Comidas" (id_comida, nombre_comida) values (47, 'Ice Cream Bar - Rolo Cone');
insert into "Comidas" (id_comida, nombre_comida) values (48, 'Roe - Flying Fish');
insert into "Comidas" (id_comida, nombre_comida) values (49, 'Wine - Cotes Du Rhone Parallele');
insert into "Comidas" (id_comida, nombre_comida) values (50, 'Yogurt - Banana, 175 Gr');
insert into "Comidas" (id_comida, nombre_comida) values (51, 'Cheese - Gouda');
insert into "Comidas" (id_comida, nombre_comida) values (52, 'Buttons');
insert into "Comidas" (id_comida, nombre_comida) values (53, 'Flour - Strong Pizza');
insert into "Comidas" (id_comida, nombre_comida) values (54, 'Vermacelli - Sprinkles, Assorted');
insert into "Comidas" (id_comida, nombre_comida) values (55, 'Appetizer - Sausage Rolls');
insert into "Comidas" (id_comida, nombre_comida) values (56, 'Curry Paste - Madras');
insert into "Comidas" (id_comida, nombre_comida) values (57, 'Squash - Pattypan, Yellow');
insert into "Comidas" (id_comida, nombre_comida) values (58, 'Water - Mineral, Carbonated');
insert into "Comidas" (id_comida, nombre_comida) values (59, 'Mushroom - Enoki, Fresh');
insert into "Comidas" (id_comida, nombre_comida) values (60, 'Ecolab - Medallion');
insert into "Comidas" (id_comida, nombre_comida) values (61, 'Sprouts - Brussel');
insert into "Comidas" (id_comida, nombre_comida) values (62, 'Chips Potato Reg 43g');
insert into "Comidas" (id_comida, nombre_comida) values (63, 'Sauce - Plum');
insert into "Comidas" (id_comida, nombre_comida) values (64, 'Langers - Cranberry Cocktail');
insert into "Comidas" (id_comida, nombre_comida) values (65, 'Chicken - Leg, Boneless');
insert into "Comidas" (id_comida, nombre_comida) values (66, 'Sauce - Alfredo');
insert into "Comidas" (id_comida, nombre_comida) values (67, 'Sauce - Soy Low Sodium - 3.87l');
insert into "Comidas" (id_comida, nombre_comida) values (68, 'Pie Filling - Cherry');
insert into "Comidas" (id_comida, nombre_comida) values (69, 'Puree - Kiwi');
insert into "Comidas" (id_comida, nombre_comida) values (70, 'Langers - Mango Nectar');
insert into "Comidas" (id_comida, nombre_comida) values (71, 'Sour Puss Sour Apple');
insert into "Comidas" (id_comida, nombre_comida) values (72, 'Sprouts - Pea');
insert into "Comidas" (id_comida, nombre_comida) values (73, 'Wine - Zonnebloem Pinotage');
insert into "Comidas" (id_comida, nombre_comida) values (74, 'Praline Paste');
insert into "Comidas" (id_comida, nombre_comida) values (75, 'Arctic Char - Fresh, Whole');
insert into "Comidas" (id_comida, nombre_comida) values (76, 'Sugar - Individual Portions');
insert into "Comidas" (id_comida, nombre_comida) values (77, 'Milk - Chocolate 250 Ml');
insert into "Comidas" (id_comida, nombre_comida) values (78, 'Tea - Lemon Scented');
insert into "Comidas" (id_comida, nombre_comida) values (79, 'Wine - Blue Nun Qualitatswein');
insert into "Comidas" (id_comida, nombre_comida) values (80, 'Bag - Regular Kraft 20 Lb');
insert into "Comidas" (id_comida, nombre_comida) values (81, 'Olives - Green, Pitted');
insert into "Comidas" (id_comida, nombre_comida) values (82, 'Chicken - Wieners');
insert into "Comidas" (id_comida, nombre_comida) values (83, 'Wine - Pinot Noir Latour');
insert into "Comidas" (id_comida, nombre_comida) values (84, 'Apricots - Halves');
insert into "Comidas" (id_comida, nombre_comida) values (85, 'Sour Cream');
insert into "Comidas" (id_comida, nombre_comida) values (86, 'Vaccum Bag 10x13');
insert into "Comidas" (id_comida, nombre_comida) values (87, 'Milk - Condensed');
insert into "Comidas" (id_comida, nombre_comida) values (88, 'Basil - Thai');
insert into "Comidas" (id_comida, nombre_comida) values (89, 'Cherries - Fresh');
insert into "Comidas" (id_comida, nombre_comida) values (90, 'Ham - Cooked Italian');
insert into "Comidas" (id_comida, nombre_comida) values (91, 'Pork Loin Bine - In Frenched');
insert into "Comidas" (id_comida, nombre_comida) values (92, 'Tuna - Loin');
insert into "Comidas" (id_comida, nombre_comida) values (93, 'Fish - Halibut, Cold Smoked');
insert into "Comidas" (id_comida, nombre_comida) values (94, 'Dehydrated Kelp Kombo');
insert into "Comidas" (id_comida, nombre_comida) values (95, 'Lamb - Shoulder');
insert into "Comidas" (id_comida, nombre_comida) values (96, 'Pumpkin - Seed');
insert into "Comidas" (id_comida, nombre_comida) values (97, 'Beef - Cow Feet Split');
insert into "Comidas" (id_comida, nombre_comida) values (98, 'Yucca');
insert into "Comidas" (id_comida, nombre_comida) values (99, 'Petite Baguette');
insert into "Comidas" (id_comida, nombre_comida) values (100, 'Pork - Inside');


insert into "Menu_cine" (id_menu_cine, id_comida, id_cine, precio) values (1, 69, 24, '$119.02');
insert into "Menu_cine" (id_menu_cine, id_comida, id_cine, precio) values (2, 35, 16, '$178.74');
insert into "Menu_cine" (id_menu_cine, id_comida, id_cine, precio) values (3, 89, 87, '$151.24');
insert into "Menu_cine" (id_menu_cine, id_comida, id_cine, precio) values (4, 66, 25, '$139.84');
insert into "Menu_cine" (id_menu_cine, id_comida, id_cine, precio) values (5, 19, 80, '$95.92');
insert into "Menu_cine" (id_menu_cine, id_comida, id_cine, precio) values (6, 51, 56, '$54.86');
insert into "Menu_cine" (id_menu_cine, id_comida, id_cine, precio) values (7, 44, 95, '$136.52');
insert into "Menu_cine" (id_menu_cine, id_comida, id_cine, precio) values (8, 89, 12, '$86.17');
insert into "Menu_cine" (id_menu_cine, id_comida, id_cine, precio) values (9, 49, 18, '$181.16');
insert into "Menu_cine" (id_menu_cine, id_comida, id_cine, precio) values (10, 42, 84, '$283.16');
insert into "Menu_cine" (id_menu_cine, id_comida, id_cine, precio) values (11, 31, 52, '$248.01');
insert into "Menu_cine" (id_menu_cine, id_comida, id_cine, precio) values (12, 82, 33, '$216.50');
insert into "Menu_cine" (id_menu_cine, id_comida, id_cine, precio) values (13, 44, 5, '$285.75');
insert into "Menu_cine" (id_menu_cine, id_comida, id_cine, precio) values (14, 17, 79, '$149.55');
insert into "Menu_cine" (id_menu_cine, id_comida, id_cine, precio) values (15, 64, 31, '$221.98');
insert into "Menu_cine" (id_menu_cine, id_comida, id_cine, precio) values (16, 70, 23, '$255.98');
insert into "Menu_cine" (id_menu_cine, id_comida, id_cine, precio) values (17, 51, 43, '$220.04');
insert into "Menu_cine" (id_menu_cine, id_comida, id_cine, precio) values (18, 47, 83, '$278.08');
insert into "Menu_cine" (id_menu_cine, id_comida, id_cine, precio) values (19, 46, 33, '$191.43');
insert into "Menu_cine" (id_menu_cine, id_comida, id_cine, precio) values (20, 2, 33, '$254.97');
insert into "Menu_cine" (id_menu_cine, id_comida, id_cine, precio) values (21, 25, 28, '$233.93');
insert into "Menu_cine" (id_menu_cine, id_comida, id_cine, precio) values (22, 17, 85, '$239.66');
insert into "Menu_cine" (id_menu_cine, id_comida, id_cine, precio) values (23, 83, 51, '$95.67');
insert into "Menu_cine" (id_menu_cine, id_comida, id_cine, precio) values (24, 43, 91, '$73.81');
insert into "Menu_cine" (id_menu_cine, id_comida, id_cine, precio) values (25, 29, 18, '$56.11');
insert into "Menu_cine" (id_menu_cine, id_comida, id_cine, precio) values (26, 98, 34, '$217.67');
insert into "Menu_cine" (id_menu_cine, id_comida, id_cine, precio) values (27, 37, 37, '$152.89');
insert into "Menu_cine" (id_menu_cine, id_comida, id_cine, precio) values (28, 87, 7, '$259.73');
insert into "Menu_cine" (id_menu_cine, id_comida, id_cine, precio) values (29, 4, 58, '$119.70');
insert into "Menu_cine" (id_menu_cine, id_comida, id_cine, precio) values (30, 81, 15, '$216.49');
insert into "Menu_cine" (id_menu_cine, id_comida, id_cine, precio) values (31, 93, 96, '$138.49');
insert into "Menu_cine" (id_menu_cine, id_comida, id_cine, precio) values (32, 92, 55, '$140.08');
insert into "Menu_cine" (id_menu_cine, id_comida, id_cine, precio) values (33, 28, 39, '$257.60');
insert into "Menu_cine" (id_menu_cine, id_comida, id_cine, precio) values (34, 27, 84, '$289.36');
insert into "Menu_cine" (id_menu_cine, id_comida, id_cine, precio) values (35, 11, 12, '$75.98');
insert into "Menu_cine" (id_menu_cine, id_comida, id_cine, precio) values (36, 50, 94, '$53.16');
insert into "Menu_cine" (id_menu_cine, id_comida, id_cine, precio) values (37, 61, 97, '$250.18');
insert into "Menu_cine" (id_menu_cine, id_comida, id_cine, precio) values (38, 9, 10, '$154.67');
insert into "Menu_cine" (id_menu_cine, id_comida, id_cine, precio) values (39, 90, 77, '$253.55');
insert into "Menu_cine" (id_menu_cine, id_comida, id_cine, precio) values (40, 26, 65, '$83.70');
insert into "Menu_cine" (id_menu_cine, id_comida, id_cine, precio) values (41, 54, 68, '$137.95');
insert into "Menu_cine" (id_menu_cine, id_comida, id_cine, precio) values (42, 87, 75, '$297.39');
insert into "Menu_cine" (id_menu_cine, id_comida, id_cine, precio) values (43, 48, 20, '$177.08');
insert into "Menu_cine" (id_menu_cine, id_comida, id_cine, precio) values (44, 92, 61, '$280.77');
insert into "Menu_cine" (id_menu_cine, id_comida, id_cine, precio) values (45, 26, 83, '$219.23');
insert into "Menu_cine" (id_menu_cine, id_comida, id_cine, precio) values (46, 70, 91, '$279.73');
insert into "Menu_cine" (id_menu_cine, id_comida, id_cine, precio) values (47, 3, 70, '$216.50');
insert into "Menu_cine" (id_menu_cine, id_comida, id_cine, precio) values (48, 98, 42, '$134.93');
insert into "Menu_cine" (id_menu_cine, id_comida, id_cine, precio) values (49, 44, 26, '$121.32');
insert into "Menu_cine" (id_menu_cine, id_comida, id_cine, precio) values (50, 100, 64, '$157.18');
insert into "Menu_cine" (id_menu_cine, id_comida, id_cine, precio) values (51, 18, 15, '$227.31');
insert into "Menu_cine" (id_menu_cine, id_comida, id_cine, precio) values (52, 16, 6, '$260.89');
insert into "Menu_cine" (id_menu_cine, id_comida, id_cine, precio) values (53, 94, 50, '$97.98');
insert into "Menu_cine" (id_menu_cine, id_comida, id_cine, precio) values (54, 79, 24, '$205.70');
insert into "Menu_cine" (id_menu_cine, id_comida, id_cine, precio) values (55, 42, 96, '$129.68');
insert into "Menu_cine" (id_menu_cine, id_comida, id_cine, precio) values (56, 93, 80, '$112.87');
insert into "Menu_cine" (id_menu_cine, id_comida, id_cine, precio) values (57, 26, 10, '$185.05');
insert into "Menu_cine" (id_menu_cine, id_comida, id_cine, precio) values (58, 43, 23, '$170.77');
insert into "Menu_cine" (id_menu_cine, id_comida, id_cine, precio) values (59, 7, 96, '$153.12');
insert into "Menu_cine" (id_menu_cine, id_comida, id_cine, precio) values (60, 63, 90, '$188.48');
insert into "Menu_cine" (id_menu_cine, id_comida, id_cine, precio) values (61, 32, 44, '$288.85');
insert into "Menu_cine" (id_menu_cine, id_comida, id_cine, precio) values (62, 1, 19, '$146.17');
insert into "Menu_cine" (id_menu_cine, id_comida, id_cine, precio) values (63, 16, 4, '$253.54');
insert into "Menu_cine" (id_menu_cine, id_comida, id_cine, precio) values (64, 45, 38, '$177.31');
insert into "Menu_cine" (id_menu_cine, id_comida, id_cine, precio) values (65, 54, 46, '$112.65');
insert into "Menu_cine" (id_menu_cine, id_comida, id_cine, precio) values (66, 91, 29, '$190.97');
insert into "Menu_cine" (id_menu_cine, id_comida, id_cine, precio) values (67, 65, 35, '$234.39');
insert into "Menu_cine" (id_menu_cine, id_comida, id_cine, precio) values (68, 87, 21, '$195.06');
insert into "Menu_cine" (id_menu_cine, id_comida, id_cine, precio) values (69, 95, 93, '$73.74');
insert into "Menu_cine" (id_menu_cine, id_comida, id_cine, precio) values (70, 81, 52, '$170.72');
insert into "Menu_cine" (id_menu_cine, id_comida, id_cine, precio) values (71, 73, 21, '$52.87');
insert into "Menu_cine" (id_menu_cine, id_comida, id_cine, precio) values (72, 91, 96, '$182.59');
insert into "Menu_cine" (id_menu_cine, id_comida, id_cine, precio) values (73, 44, 4, '$68.98');
insert into "Menu_cine" (id_menu_cine, id_comida, id_cine, precio) values (74, 64, 3, '$266.97');
insert into "Menu_cine" (id_menu_cine, id_comida, id_cine, precio) values (75, 43, 89, '$188.85');
insert into "Menu_cine" (id_menu_cine, id_comida, id_cine, precio) values (76, 5, 28, '$189.31');
insert into "Menu_cine" (id_menu_cine, id_comida, id_cine, precio) values (77, 27, 18, '$266.30');
insert into "Menu_cine" (id_menu_cine, id_comida, id_cine, precio) values (78, 55, 38, '$167.05');
insert into "Menu_cine" (id_menu_cine, id_comida, id_cine, precio) values (79, 22, 93, '$215.10');
insert into "Menu_cine" (id_menu_cine, id_comida, id_cine, precio) values (80, 63, 100, '$273.22');
insert into "Menu_cine" (id_menu_cine, id_comida, id_cine, precio) values (81, 55, 64, '$261.54');
insert into "Menu_cine" (id_menu_cine, id_comida, id_cine, precio) values (82, 60, 16, '$262.06');
insert into "Menu_cine" (id_menu_cine, id_comida, id_cine, precio) values (83, 36, 64, '$272.23');
insert into "Menu_cine" (id_menu_cine, id_comida, id_cine, precio) values (84, 2, 32, '$299.79');
insert into "Menu_cine" (id_menu_cine, id_comida, id_cine, precio) values (85, 14, 78, '$175.04');
insert into "Menu_cine" (id_menu_cine, id_comida, id_cine, precio) values (86, 7, 98, '$144.39');
insert into "Menu_cine" (id_menu_cine, id_comida, id_cine, precio) values (87, 98, 37, '$209.21');
insert into "Menu_cine" (id_menu_cine, id_comida, id_cine, precio) values (88, 19, 74, '$295.13');
insert into "Menu_cine" (id_menu_cine, id_comida, id_cine, precio) values (89, 88, 56, '$61.68');
insert into "Menu_cine" (id_menu_cine, id_comida, id_cine, precio) values (90, 35, 62, '$83.27');
insert into "Menu_cine" (id_menu_cine, id_comida, id_cine, precio) values (91, 92, 16, '$90.60');
insert into "Menu_cine" (id_menu_cine, id_comida, id_cine, precio) values (92, 34, 46, '$125.74');
insert into "Menu_cine" (id_menu_cine, id_comida, id_cine, precio) values (93, 34, 81, '$110.96');
insert into "Menu_cine" (id_menu_cine, id_comida, id_cine, precio) values (94, 2, 16, '$206.20');
insert into "Menu_cine" (id_menu_cine, id_comida, id_cine, precio) values (95, 97, 38, '$295.98');
insert into "Menu_cine" (id_menu_cine, id_comida, id_cine, precio) values (96, 36, 41, '$267.98');
insert into "Menu_cine" (id_menu_cine, id_comida, id_cine, precio) values (97, 33, 37, '$93.18');
insert into "Menu_cine" (id_menu_cine, id_comida, id_cine, precio) values (98, 30, 13, '$54.44');
insert into "Menu_cine" (id_menu_cine, id_comida, id_cine, precio) values (99, 100, 82, '$189.36');
insert into "Menu_cine" (id_menu_cine, id_comida, id_cine, precio) values (100, 30, 86, '$52.55');


insert into "Tipos_accesos" (id_tipo_acceso, nombre) values (1, 'crichings0');
insert into "Tipos_accesos" (id_tipo_acceso, nombre) values (2, 'harpin1');
insert into "Tipos_accesos" (id_tipo_acceso, nombre) values (3, 'ceglinton2');
insert into "Tipos_accesos" (id_tipo_acceso, nombre) values (4, 'tcreegan3');
insert into "Tipos_accesos" (id_tipo_acceso, nombre) values (5, 'bnock4');
insert into "Tipos_accesos" (id_tipo_acceso, nombre) values (6, 'iandriuzzi5');
insert into "Tipos_accesos" (id_tipo_acceso, nombre) values (7, 'fsoutherell6');
insert into "Tipos_accesos" (id_tipo_acceso, nombre) values (8, 'qfortnam7');
insert into "Tipos_accesos" (id_tipo_acceso, nombre) values (9, 'zbackshill8');
insert into "Tipos_accesos" (id_tipo_acceso, nombre) values (10, 'lhrachovec9');
insert into "Tipos_accesos" (id_tipo_acceso, nombre) values (11, 'dlawriea');
insert into "Tipos_accesos" (id_tipo_acceso, nombre) values (12, 'sinnsb');
insert into "Tipos_accesos" (id_tipo_acceso, nombre) values (13, 'jpenricec');
insert into "Tipos_accesos" (id_tipo_acceso, nombre) values (14, 'gbogied');
insert into "Tipos_accesos" (id_tipo_acceso, nombre) values (15, 'mkinworthye');
insert into "Tipos_accesos" (id_tipo_acceso, nombre) values (16, 'lpancostf');
insert into "Tipos_accesos" (id_tipo_acceso, nombre) values (17, 'ctiplerg');
insert into "Tipos_accesos" (id_tipo_acceso, nombre) values (18, 'kbroddleh');
insert into "Tipos_accesos" (id_tipo_acceso, nombre) values (19, 'cheffernoni');
insert into "Tipos_accesos" (id_tipo_acceso, nombre) values (20, 'mmccartanj');
insert into "Tipos_accesos" (id_tipo_acceso, nombre) values (21, 'nmottinellik');
insert into "Tipos_accesos" (id_tipo_acceso, nombre) values (22, 'mtallowl');
insert into "Tipos_accesos" (id_tipo_acceso, nombre) values (23, 'lhuertam');
insert into "Tipos_accesos" (id_tipo_acceso, nombre) values (24, 'glittelln');
insert into "Tipos_accesos" (id_tipo_acceso, nombre) values (25, 'fcraiko');
insert into "Tipos_accesos" (id_tipo_acceso, nombre) values (26, 'agronewayp');
insert into "Tipos_accesos" (id_tipo_acceso, nombre) values (27, 'amollnarq');
insert into "Tipos_accesos" (id_tipo_acceso, nombre) values (28, 'aaudsleyr');
insert into "Tipos_accesos" (id_tipo_acceso, nombre) values (29, 'rroycrofts');
insert into "Tipos_accesos" (id_tipo_acceso, nombre) values (30, 'dbraunfeldt');
insert into "Tipos_accesos" (id_tipo_acceso, nombre) values (31, 'gsummerlyu');
insert into "Tipos_accesos" (id_tipo_acceso, nombre) values (32, 'dbickellv');
insert into "Tipos_accesos" (id_tipo_acceso, nombre) values (33, 'wdacew');
insert into "Tipos_accesos" (id_tipo_acceso, nombre) values (34, 'eheiglx');
insert into "Tipos_accesos" (id_tipo_acceso, nombre) values (35, 'rcowsbyy');
insert into "Tipos_accesos" (id_tipo_acceso, nombre) values (36, 'aventonz');
insert into "Tipos_accesos" (id_tipo_acceso, nombre) values (37, 'fpitkin10');
insert into "Tipos_accesos" (id_tipo_acceso, nombre) values (38, 'agodridge11');
insert into "Tipos_accesos" (id_tipo_acceso, nombre) values (39, 'iwinman12');
insert into "Tipos_accesos" (id_tipo_acceso, nombre) values (40, 'fmallows13');
insert into "Tipos_accesos" (id_tipo_acceso, nombre) values (41, 'mcarlet14');
insert into "Tipos_accesos" (id_tipo_acceso, nombre) values (42, 'dmolineaux15');
insert into "Tipos_accesos" (id_tipo_acceso, nombre) values (43, 'ssouthan16');
insert into "Tipos_accesos" (id_tipo_acceso, nombre) values (44, 'tcummins17');
insert into "Tipos_accesos" (id_tipo_acceso, nombre) values (45, 'jjacobovitch18');
insert into "Tipos_accesos" (id_tipo_acceso, nombre) values (46, 'candrini19');
insert into "Tipos_accesos" (id_tipo_acceso, nombre) values (47, 'ycousans1a');
insert into "Tipos_accesos" (id_tipo_acceso, nombre) values (48, 'cduddin1b');
insert into "Tipos_accesos" (id_tipo_acceso, nombre) values (49, 'ndoerren1c');
insert into "Tipos_accesos" (id_tipo_acceso, nombre) values (50, 'rpelzer1d');
insert into "Tipos_accesos" (id_tipo_acceso, nombre) values (51, 'espoure1e');
insert into "Tipos_accesos" (id_tipo_acceso, nombre) values (52, 'eforst1f');
insert into "Tipos_accesos" (id_tipo_acceso, nombre) values (53, 'eshank1g');
insert into "Tipos_accesos" (id_tipo_acceso, nombre) values (54, 'aanney1h');
insert into "Tipos_accesos" (id_tipo_acceso, nombre) values (55, 'fchilds1i');
insert into "Tipos_accesos" (id_tipo_acceso, nombre) values (56, 'cpayton1j');
insert into "Tipos_accesos" (id_tipo_acceso, nombre) values (57, 'aperrin1k');
insert into "Tipos_accesos" (id_tipo_acceso, nombre) values (58, 'vligerton1l');
insert into "Tipos_accesos" (id_tipo_acceso, nombre) values (59, 'tdebruijn1m');
insert into "Tipos_accesos" (id_tipo_acceso, nombre) values (60, 'kcunradi1n');
insert into "Tipos_accesos" (id_tipo_acceso, nombre) values (61, 'rroubay1o');
insert into "Tipos_accesos" (id_tipo_acceso, nombre) values (62, 'obowery1p');
insert into "Tipos_accesos" (id_tipo_acceso, nombre) values (63, 'mmacmeeking1q');
insert into "Tipos_accesos" (id_tipo_acceso, nombre) values (64, 'lcawson1r');
insert into "Tipos_accesos" (id_tipo_acceso, nombre) values (65, 'rdefreyne1s');
insert into "Tipos_accesos" (id_tipo_acceso, nombre) values (66, 'flewsley1t');
insert into "Tipos_accesos" (id_tipo_acceso, nombre) values (67, 'aconnikie1u');
insert into "Tipos_accesos" (id_tipo_acceso, nombre) values (68, 'dtynewell1v');
insert into "Tipos_accesos" (id_tipo_acceso, nombre) values (69, 'mrudeyeard1w');
insert into "Tipos_accesos" (id_tipo_acceso, nombre) values (70, 'achstney1x');
insert into "Tipos_accesos" (id_tipo_acceso, nombre) values (71, 'rclerc1y');
insert into "Tipos_accesos" (id_tipo_acceso, nombre) values (72, 'pballin1z');
insert into "Tipos_accesos" (id_tipo_acceso, nombre) values (73, 'gcoxhell20');
insert into "Tipos_accesos" (id_tipo_acceso, nombre) values (74, 'kcircuit21');
insert into "Tipos_accesos" (id_tipo_acceso, nombre) values (75, 'zcicchinelli22');
insert into "Tipos_accesos" (id_tipo_acceso, nombre) values (76, 'vlewinton23');
insert into "Tipos_accesos" (id_tipo_acceso, nombre) values (77, 'dcarty24');
insert into "Tipos_accesos" (id_tipo_acceso, nombre) values (78, 'gmaylott25');
insert into "Tipos_accesos" (id_tipo_acceso, nombre) values (79, 'gnovotne26');
insert into "Tipos_accesos" (id_tipo_acceso, nombre) values (80, 'jdyers27');
insert into "Tipos_accesos" (id_tipo_acceso, nombre) values (81, 'shartmann28');
insert into "Tipos_accesos" (id_tipo_acceso, nombre) values (82, 'dwalbrook29');
insert into "Tipos_accesos" (id_tipo_acceso, nombre) values (83, 'vlant2a');
insert into "Tipos_accesos" (id_tipo_acceso, nombre) values (84, 'chutable2b');
insert into "Tipos_accesos" (id_tipo_acceso, nombre) values (85, 'kpascall2c');
insert into "Tipos_accesos" (id_tipo_acceso, nombre) values (86, 'amewe2d');
insert into "Tipos_accesos" (id_tipo_acceso, nombre) values (87, 'slujan2e');
insert into "Tipos_accesos" (id_tipo_acceso, nombre) values (88, 'bmarin2f');
insert into "Tipos_accesos" (id_tipo_acceso, nombre) values (89, 'cdrinkale2g');
insert into "Tipos_accesos" (id_tipo_acceso, nombre) values (90, 'acolgan2h');
insert into "Tipos_accesos" (id_tipo_acceso, nombre) values (91, 'rbankhurst2i');
insert into "Tipos_accesos" (id_tipo_acceso, nombre) values (92, 'oglaysher2j');
insert into "Tipos_accesos" (id_tipo_acceso, nombre) values (93, 'bsoppit2k');
insert into "Tipos_accesos" (id_tipo_acceso, nombre) values (94, 'eheadings2l');
insert into "Tipos_accesos" (id_tipo_acceso, nombre) values (95, 'bschutte2m');
insert into "Tipos_accesos" (id_tipo_acceso, nombre) values (96, 'mcolborn2n');
insert into "Tipos_accesos" (id_tipo_acceso, nombre) values (97, 'lfobidge2o');
insert into "Tipos_accesos" (id_tipo_acceso, nombre) values (98, 'jcrellin2p');
insert into "Tipos_accesos" (id_tipo_acceso, nombre) values (99, 'cfauguel2q');
insert into "Tipos_accesos" (id_tipo_acceso, nombre) values (100, 'gbrabbs2r');


insert into "Accesos" (id_acceso, usuario, contraseña, id_tipo_acceso, id_persona) values (1, 'cwebermann0', 'lytkFCLJ21B8XQOH&=@', 57, 19);
insert into "Accesos" (id_acceso, usuario, contraseña, id_tipo_acceso, id_persona) values (2, 'kcomino1', 'haqdADTX09Yt%', 1, 33);
insert into "Accesos" (id_acceso, usuario, contraseña, id_tipo_acceso, id_persona) values (3, 'cnalder2', 'wvngDMJJ41*MP', 69, 28);
insert into "Accesos" (id_acceso, usuario, contraseña, id_tipo_acceso, id_persona) values (4, 'pallsupp3', 'bphnEGIY66', 18, 4);
insert into "Accesos" (id_acceso, usuario, contraseña, id_tipo_acceso, id_persona) values (5, 'lkeesman4', 'mmnhROUZ82uYrmp3<e', 59, 44);
insert into "Accesos" (id_acceso, usuario, contraseña, id_tipo_acceso, id_persona) values (6, 'rbrou5', 'qmxoZVOQ22G8|b7', 86, 27);
insert into "Accesos" (id_acceso, usuario, contraseña, id_tipo_acceso, id_persona) values (7, 'naugie6', 'pwmcFMXZ61afO?OyRyz', 26, 93);
insert into "Accesos" (id_acceso, usuario, contraseña, id_tipo_acceso, id_persona) values (8, 'jmccomish7', 'kigzYWUL82e}M_', 15, 24);
insert into "Accesos" (id_acceso, usuario, contraseña, id_tipo_acceso, id_persona) values (9, 'eyeell8', 'vbhcYUXN02o@sSvv}e', 76, 92);
insert into "Accesos" (id_acceso, usuario, contraseña, id_tipo_acceso, id_persona) values (10, 'gcausby9', 'kiugCYWH31K"*D', 87, 84);
insert into "Accesos" (id_acceso, usuario, contraseña, id_tipo_acceso, id_persona) values (11, 'jtisona', 'utzmEPOM92!#t`', 18, 35);
insert into "Accesos" (id_acceso, usuario, contraseña, id_tipo_acceso, id_persona) values (12, 'nharlingb', 'znpfNEYM06oZ3NPMva6!', 70, 54);
insert into "Accesos" (id_acceso, usuario, contraseña, id_tipo_acceso, id_persona) values (13, 'bwastellc', 'ydpjNXDN38BK', 41, 49);
insert into "Accesos" (id_acceso, usuario, contraseña, id_tipo_acceso, id_persona) values (14, 'tlyokhind', 'ydduEOOA06&XK?', 59, 55);
insert into "Accesos" (id_acceso, usuario, contraseña, id_tipo_acceso, id_persona) values (15, 'bdevriese', 'swklGXYY966oL{', 38, 87);
insert into "Accesos" (id_acceso, usuario, contraseña, id_tipo_acceso, id_persona) values (16, 'lmulgrewf', 'ozgvOTZT74YwvYkA|1', 10, 100);
insert into "Accesos" (id_acceso, usuario, contraseña, id_tipo_acceso, id_persona) values (17, 'rcadgeg', 'rbrdWXIP36x6', 62, 30);
insert into "Accesos" (id_acceso, usuario, contraseña, id_tipo_acceso, id_persona) values (18, 'jmayallh', 'rwlyGCNV95+A', 63, 32);
insert into "Accesos" (id_acceso, usuario, contraseña, id_tipo_acceso, id_persona) values (19, 'ddebruini', 'oxwkWUTU67,n/Z9%{}Ft', 23, 75);
insert into "Accesos" (id_acceso, usuario, contraseña, id_tipo_acceso, id_persona) values (20, 'gcurringtonj', 'olnoKJHT85Cf8in,%H7', 50, 69);
insert into "Accesos" (id_acceso, usuario, contraseña, id_tipo_acceso, id_persona) values (21, 'cdionisiik', 'ilaeFVYU67{IZ&b?/#$f', 48, 91);
insert into "Accesos" (id_acceso, usuario, contraseña, id_tipo_acceso, id_persona) values (22, 'awestwoodl', 'aiuoWCIC57RTaC}+"H', 8, 84);
insert into "Accesos" (id_acceso, usuario, contraseña, id_tipo_acceso, id_persona) values (23, 'szmitrichenkom', 'ikozEDZX22bj~5', 2, 94);
insert into "Accesos" (id_acceso, usuario, contraseña, id_tipo_acceso, id_persona) values (24, 'echoppinn', 'rmwwOTUR29fk<5PZ$Rc~', 82, 19);
insert into "Accesos" (id_acceso, usuario, contraseña, id_tipo_acceso, id_persona) values (25, 'hthomaso', 'iwhkSNTO79', 23, 69);
insert into "Accesos" (id_acceso, usuario, contraseña, id_tipo_acceso, id_persona) values (26, 'fkeizmanp', 'nuvtDSWD29W{q7@M4', 82, 88);
insert into "Accesos" (id_acceso, usuario, contraseña, id_tipo_acceso, id_persona) values (27, 'hotsonq', 'qzfqKHML57I<HoTma+s(', 31, 3);
insert into "Accesos" (id_acceso, usuario, contraseña, id_tipo_acceso, id_persona) values (28, 'mmomeryr', 'coxtSDXS265p`o', 41, 33);
insert into "Accesos" (id_acceso, usuario, contraseña, id_tipo_acceso, id_persona) values (29, 'tratcliffes', 'pzikDCYB80ifdaD&', 52, 84);
insert into "Accesos" (id_acceso, usuario, contraseña, id_tipo_acceso, id_persona) values (30, 'ahaddickt', 'esceIRPC26SkL"rn=J5', 21, 75);
insert into "Accesos" (id_acceso, usuario, contraseña, id_tipo_acceso, id_persona) values (31, 'skenfordu', 'cjavZSPU10Ohv<A', 19, 52);
insert into "Accesos" (id_acceso, usuario, contraseña, id_tipo_acceso, id_persona) values (32, 'cdorceyv', 'xkbvJNPI44FJ28m.K_@', 53, 47);
insert into "Accesos" (id_acceso, usuario, contraseña, id_tipo_acceso, id_persona) values (33, 'scoonw', 'otiwXPSO13Nn$KgbZ', 10, 35);
insert into "Accesos" (id_acceso, usuario, contraseña, id_tipo_acceso, id_persona) values (34, 'aedmonsx', 'kvgwYLCJ14"rGkJ|', 11, 98);
insert into "Accesos" (id_acceso, usuario, contraseña, id_tipo_acceso, id_persona) values (35, 'learlamy', 'joysFHJK13''nou)JUc|', 20, 2);
insert into "Accesos" (id_acceso, usuario, contraseña, id_tipo_acceso, id_persona) values (36, 'pgonningz', 'dvvcDZOF137FMhW\2fAR', 36, 75);
insert into "Accesos" (id_acceso, usuario, contraseña, id_tipo_acceso, id_persona) values (37, 'wsalmons10', 'psmbJTRH84MY!{', 13, 40);
insert into "Accesos" (id_acceso, usuario, contraseña, id_tipo_acceso, id_persona) values (38, 'delliker11', 'ouxzBEDK67"I_O_bbe&r', 53, 30);
insert into "Accesos" (id_acceso, usuario, contraseña, id_tipo_acceso, id_persona) values (39, 'aealam12', 'dnbpFJAX95b', 59, 10);
insert into "Accesos" (id_acceso, usuario, contraseña, id_tipo_acceso, id_persona) values (40, 'jgowling13', 'mryqAMVD710sZ!', 80, 6);
insert into "Accesos" (id_acceso, usuario, contraseña, id_tipo_acceso, id_persona) values (41, 'hromer14', 'znmgSQQF79B4m', 41, 31);
insert into "Accesos" (id_acceso, usuario, contraseña, id_tipo_acceso, id_persona) values (42, 'avelten15', 'mdhaHQLX75jBqc', 62, 88);
insert into "Accesos" (id_acceso, usuario, contraseña, id_tipo_acceso, id_persona) values (43, 'vlambourn16', 'dewjSDBC50L', 98, 90);
insert into "Accesos" (id_acceso, usuario, contraseña, id_tipo_acceso, id_persona) values (44, 'clacasa17', 'wkbdMDEU49tJ}?zIF', 92, 6);
insert into "Accesos" (id_acceso, usuario, contraseña, id_tipo_acceso, id_persona) values (45, 'nkinforth18', 'aqjsSOTV79$mOaX', 63, 24);
insert into "Accesos" (id_acceso, usuario, contraseña, id_tipo_acceso, id_persona) values (46, 'jbillows19', 'sbiiGFIZ72"5Q{7', 48, 63);
insert into "Accesos" (id_acceso, usuario, contraseña, id_tipo_acceso, id_persona) values (47, 'bbools1a', 'iogpLSSC07QwhD9bVN', 20, 9);
insert into "Accesos" (id_acceso, usuario, contraseña, id_tipo_acceso, id_persona) values (48, 'oproom1b', 'sqnyTVYE64J', 50, 90);
insert into "Accesos" (id_acceso, usuario, contraseña, id_tipo_acceso, id_persona) values (49, 'zblaschek1c', 'bccmRSQH404hiu5Cd5tL', 43, 95);
insert into "Accesos" (id_acceso, usuario, contraseña, id_tipo_acceso, id_persona) values (50, 'aghione1d', 'rtppOFGF89T9', 50, 34);
insert into "Accesos" (id_acceso, usuario, contraseña, id_tipo_acceso, id_persona) values (51, 'clodder1e', 'rckdPAGZ63wNr{Ep', 25, 42);
insert into "Accesos" (id_acceso, usuario, contraseña, id_tipo_acceso, id_persona) values (52, 'lsisse1f', 'eplqQSPI223@KtE9AI', 9, 73);
insert into "Accesos" (id_acceso, usuario, contraseña, id_tipo_acceso, id_persona) values (53, 'ipresswell1g', 'ujrdGZOY33!''N#/g', 18, 85);
insert into "Accesos" (id_acceso, usuario, contraseña, id_tipo_acceso, id_persona) values (54, 'lgraben1h', 'vngwWOWQ74', 83, 44);
insert into "Accesos" (id_acceso, usuario, contraseña, id_tipo_acceso, id_persona) values (55, 'fbuffin1i', 'fhlsRRGJ40sl_*>E#', 55, 47);
insert into "Accesos" (id_acceso, usuario, contraseña, id_tipo_acceso, id_persona) values (56, 'chedin1j', 'ukqbQLAS58?c1NQ/jg#', 77, 52);
insert into "Accesos" (id_acceso, usuario, contraseña, id_tipo_acceso, id_persona) values (57, 'tcometson1k', 'coosIEWA46xpf', 1, 59);
insert into "Accesos" (id_acceso, usuario, contraseña, id_tipo_acceso, id_persona) values (58, 'qrikkard1l', 'idjcJFRB39`e', 89, 20);
insert into "Accesos" (id_acceso, usuario, contraseña, id_tipo_acceso, id_persona) values (59, 'mniave1m', 'ifuzGQDQ73zp7,=GP.}{', 64, 16);
insert into "Accesos" (id_acceso, usuario, contraseña, id_tipo_acceso, id_persona) values (60, 'bhambling1n', 'mwqwTCQK28', 19, 90);
insert into "Accesos" (id_acceso, usuario, contraseña, id_tipo_acceso, id_persona) values (61, 'jesilmon1o', 'bektLUFZ45~W,', 75, 20);
insert into "Accesos" (id_acceso, usuario, contraseña, id_tipo_acceso, id_persona) values (62, 'dsilman1p', 'tebkWWNP66jQV=', 97, 3);
insert into "Accesos" (id_acceso, usuario, contraseña, id_tipo_acceso, id_persona) values (63, 'mizachik1q', 'koreLIAH69ixEZijs|', 84, 91);
insert into "Accesos" (id_acceso, usuario, contraseña, id_tipo_acceso, id_persona) values (64, 'osmiz1r', 'ycbsHFPA20Ee#', 83, 71);
insert into "Accesos" (id_acceso, usuario, contraseña, id_tipo_acceso, id_persona) values (65, 'miveans1s', 'lnrrIDGE55@6,@Td/m', 97, 49);
insert into "Accesos" (id_acceso, usuario, contraseña, id_tipo_acceso, id_persona) values (66, 'khuskinson1t', 'scinETFL43.z(QK|hpY', 94, 23);
insert into "Accesos" (id_acceso, usuario, contraseña, id_tipo_acceso, id_persona) values (67, 'dphittiplace1u', 'muvaYXUZ60bd+', 58, 20);
insert into "Accesos" (id_acceso, usuario, contraseña, id_tipo_acceso, id_persona) values (68, 'scartwright1v', 'iiapQPAN08v3aZG1CWw', 67, 34);
insert into "Accesos" (id_acceso, usuario, contraseña, id_tipo_acceso, id_persona) values (69, 'aschapiro1w', 'ofxcAHDU76>4!Lh', 42, 11);
insert into "Accesos" (id_acceso, usuario, contraseña, id_tipo_acceso, id_persona) values (70, 'mzukierman1x', 'jdwkHYZR12h}fh>SO5i_', 6, 15);
insert into "Accesos" (id_acceso, usuario, contraseña, id_tipo_acceso, id_persona) values (71, 'corourke1y', 'qrkjIPFZ52V_Q\I,W6A', 35, 3);
insert into "Accesos" (id_acceso, usuario, contraseña, id_tipo_acceso, id_persona) values (72, 'lbelshaw1z', 'olcjGRYI84D', 36, 86);
insert into "Accesos" (id_acceso, usuario, contraseña, id_tipo_acceso, id_persona) values (73, 'rbanthorpe20', 'fbhnZCBL761RW#YAmT$', 100, 16);
insert into "Accesos" (id_acceso, usuario, contraseña, id_tipo_acceso, id_persona) values (74, 'bwalch21', 'gdqmCFSK20', 84, 77);
insert into "Accesos" (id_acceso, usuario, contraseña, id_tipo_acceso, id_persona) values (75, 'ckealey22', 'ujifXQLE68#B\$C=U"E', 25, 24);
insert into "Accesos" (id_acceso, usuario, contraseña, id_tipo_acceso, id_persona) values (76, 'cburriss23', 'lprxBKWZ14!z', 89, 21);
insert into "Accesos" (id_acceso, usuario, contraseña, id_tipo_acceso, id_persona) values (77, 'amoncur24', 'dophCFYC79($5', 30, 68);
insert into "Accesos" (id_acceso, usuario, contraseña, id_tipo_acceso, id_persona) values (78, 'awinchurst25', 'oyneUMYE18h>0', 98, 70);
insert into "Accesos" (id_acceso, usuario, contraseña, id_tipo_acceso, id_persona) values (79, 'tyeowell26', 'txsaVTWK12O"#jGz>sN', 64, 13);
insert into "Accesos" (id_acceso, usuario, contraseña, id_tipo_acceso, id_persona) values (80, 'lbithany27', 'exhmIFJA92O>OvO/?v', 81, 61);
insert into "Accesos" (id_acceso, usuario, contraseña, id_tipo_acceso, id_persona) values (81, 'cwillerstone28', 'lrvqKGHJ184', 54, 72);
insert into "Accesos" (id_acceso, usuario, contraseña, id_tipo_acceso, id_persona) values (82, 'nraraty29', 'elyqCOBC64b1E{ip', 13, 94);
insert into "Accesos" (id_acceso, usuario, contraseña, id_tipo_acceso, id_persona) values (83, 'cfarnin2a', 'bubcDNAF95EhhW+9*p_K', 14, 78);
insert into "Accesos" (id_acceso, usuario, contraseña, id_tipo_acceso, id_persona) values (84, 'smilverton2b', 'ysliWWTZ42F+ACpW<E', 94, 5);
insert into "Accesos" (id_acceso, usuario, contraseña, id_tipo_acceso, id_persona) values (85, 'tdelgua2c', 'ppymRJGB79Ftb?&nZ9', 75, 63);
insert into "Accesos" (id_acceso, usuario, contraseña, id_tipo_acceso, id_persona) values (86, 'ilishman2d', 'cyauHLJU52WmA=oGtq', 92, 58);
insert into "Accesos" (id_acceso, usuario, contraseña, id_tipo_acceso, id_persona) values (87, 'cilchuk2e', 'cdhvRSOI18Vx%/8\', 47, 88);
insert into "Accesos" (id_acceso, usuario, contraseña, id_tipo_acceso, id_persona) values (88, 'klorey2f', 'owtdQHGZ25!3qnp', 46, 38);
insert into "Accesos" (id_acceso, usuario, contraseña, id_tipo_acceso, id_persona) values (89, 'jsellens2g', 'fvkjHTYA99wB', 44, 22);
insert into "Accesos" (id_acceso, usuario, contraseña, id_tipo_acceso, id_persona) values (90, 'kpeasby2h', 'agdbTAUG17`1fesmRgYe', 63, 48);
insert into "Accesos" (id_acceso, usuario, contraseña, id_tipo_acceso, id_persona) values (91, 'tegar2i', 'yjroORYB34gx*', 58, 96);
insert into "Accesos" (id_acceso, usuario, contraseña, id_tipo_acceso, id_persona) values (92, 'smcalpin2j', 'kxamUGOQ99k', 72, 17);
insert into "Accesos" (id_acceso, usuario, contraseña, id_tipo_acceso, id_persona) values (93, 'rdigginson2k', 'eqfiDTCV74T+m', 77, 70);
insert into "Accesos" (id_acceso, usuario, contraseña, id_tipo_acceso, id_persona) values (94, 'blevecque2l', 'elxlTOJG77PJ', 31, 45);
insert into "Accesos" (id_acceso, usuario, contraseña, id_tipo_acceso, id_persona) values (95, 'deckly2m', 'lxjcZXJL46yQh\Zz!CqH', 53, 57);
insert into "Accesos" (id_acceso, usuario, contraseña, id_tipo_acceso, id_persona) values (96, 'jotham2n', 'qgfySGOG46)<+N0B', 83, 74);
insert into "Accesos" (id_acceso, usuario, contraseña, id_tipo_acceso, id_persona) values (97, 'lgoose2o', 'wbyhRCKF844/@yuRXXI', 40, 95);
insert into "Accesos" (id_acceso, usuario, contraseña, id_tipo_acceso, id_persona) values (98, 'ltschersich2p', 'noqyIPJY51%', 55, 47);
insert into "Accesos" (id_acceso, usuario, contraseña, id_tipo_acceso, id_persona) values (99, 'prubinovitsch2q', 'qnlrQMWA68aUD', 35, 67);
insert into "Accesos" (id_acceso, usuario, contraseña, id_tipo_acceso, id_persona) values (100, 'dcalderonello2r', 'tyesVKYT71', 96, 35);